开奖日期,期号,中奖号码,销售额(元),中奖注数一等奖,中奖注数二等奖,详细
2020-06-28,2020056,02  05  08  12  26  31  14,380233782,17,186,
2020-06-25,2020055,01  05  07  23  28  30  12,327140694,14,198,
2020-06-23,2020054,03  10  19  25  26  31  02,338817016,11,210,
2020-06-21,2020053,02  14  15  16  32  33  01,381666534,19,360,
2020-06-18,2020052,02  08  13  29  32  33  15,352815504,2,53,
2020-06-16,2020051,03  06  08  11  19  28  08,342968302,23,268,
2020-06-14,2020050,04  09  17  20  32  33  15,379409292,5,90,
2020-06-11,2020049,01  07  09  12  18  22  04,355402476,7,140,
2020-06-09,2020048,12  14  18  23  30  32  02,351604616,6,75,
2020-06-07,2020047,04  10  17  19  28  32  01,382084220,10,140,
2020-06-04,2020046,13  19  25  26  27  32  08,350122868,7,87,
2020-06-02,2020045,02  03  15  21  22  33  16,348295556,16,115,
2020-05-31,2020044,07  08  16  17  19  24  07,379328476,10,107,
2020-05-28,2020043,01  11  24  25  27  30  07,360394276,5,64,
2020-05-26,2020042,02  06  07  11  14  31  03,345472844,5,98,
2020-05-24,2020041,06  07  16  22  24  25  13,372422582,2,102,
2020-05-21,2020040,01  06  12  16  19  21  04,341533118,5,92,
2020-05-19,2020039,02  09  10  11  16  29  02,341609556,9,166,
2020-05-12,2020036,07  09  16  22  24  32  06,346455736,3,104,
2020-05-10,2020035,10  14  24  25  28  33  11,371811232,4,97,
2020-05-07,2020034,02  08  15  16  26  32  03,340793680,11,182,
2020-05-05,2020033,07  10  12  21  31  32  01,320555362,4,97,
2020-05-03,2020032,03  11  13  14  15  26  13,338904002,11,135,
2020-04-30,2020031,02  05  09  15  16  27  09,323903392,14,310,
2020-04-28,2020030,17  18  21  29  30  32  03,327786632,1,74,
2020-04-26,2020029,01  12  18  20  30  32  05,364268814,7,63,
2020-04-23,2020028,05  06  15  18  26  32  08,323795596,7,153,
2020-04-21,2020027,12  13  14  24  25  28  06,324196702,3,112,
2020-04-19,2020026,01  04  09  18  19  31  06,349633986,3,106,
2020-04-16,2020025,01  09  10  15  20  29  02,321611812,4,156,
2020-04-14,2020024,10  13  27  28  29  31  08,317568426,8,94,
2020-04-12,2020023,04  05  20  21  30  33  08,340318270,6,107,
2020-04-09,2020022,02  10  20  22  25  30  02,311416184,8,97,
2020-04-07,2020021,02  06  14  16  27  31  07,296655800,5,116,
2020-04-05,2020020,01  06  09  13  15  22  14,310764432,4,91,
2020-04-02,2020019,15  19  27  28  30  33  03,293920314,7,60,
2020-03-26,2020016,05  06  08  17  24  27  07,260860736,12,89,
2020-03-24,2020015,08  09  22  24  30  33  01,255551054,1,60,
2020-03-22,2020014,02  07  08  10  12  16  07,261933168,5,66,
2020-03-19,2020013,02  08  10  20  21  30  14,215545590,4,184,
2020-03-17,2020012,04  13  14  23  26  31  09,198501652,3,112,
2020-03-15,2020011,04  05  07  17  18  29  01,176331724,8,67,
2020-03-12,2020010,11  14  22  27  31  32  09,142522854,2,42,
2020-01-21,2020009,03  06  08  14  19  26  12,405733380,16  (京 辽 沪 苏..),253,
2020-01-19,2020008,01  04  06  10  11  28  16,395048088,17  (冀 晋 辽 苏..),262,
2020-01-16,2020007,05  12  17  20  25  31  10,358035962,38  (津 冀 吉 沪..),269,
2020-01-14,2020006,03  04  05  10  16  32  09,361697316,20  (浙 豫 粤 桂..),363,
2020-01-12,2020005,11  16  17  22  26  32  04,400642476,8  (冀 皖 赣 鄂..),224,
2020-01-09,2020004,02  15  17  27  32  33  03,370826158,7  (晋 浙 鲁 粤..),189,
2020-01-07,2020003,09  17  26  29  30  32  03,368960938,16  (苏 浙 鄂 湘..),134,
2020-01-05,2020002,04  09  14  15  16  29  11,410784878,16  (京 津 冀 晋..),194,
2020-01-02,2020001,02  15  23  26  29  30  02,388311860,4  (豫 鄂 川),113,
2019-12-31,2019151,02  06  09  18  24  26  14,405999712,8  (辽 吉 闽 湘..),121,
2019-12-29,2019150,02  09  14  22  27  29  02,424037140,9  (皖 鲁 粤 深圳..),158,
2019-12-22,2019147,01  09  12  14  23  27  12,428843148,10  (冀 蒙 深圳 陕..),120,
2019-12-19,2019146,01  04  10  12  30  32  14,400822952,4  (冀 浙 陕),82,
2019-12-17,2019145,01  08  13  17  18  19  16,404721396,15  (京 辽 黑 沪..),145,
2019-12-15,2019144,02  12  15  19  27  30  03,448943976,13  (津 辽 苏 浙..),276,
2019-12-12,2019143,05  13  15  16  26  32  09,421054466,11  (蒙 沪 赣 豫..),471,
2019-12-10,2019142,08  14  24  27  29  33  09,429455474,14  (冀 苏 浙 闽..),72,
2019-12-08,2019141,10  13  14  15  17  33  14,466103236,2  (鲁),101,
2019-12-05,2019140,02  04  09  11  14  22  05,421874374,25  (京 冀 晋 辽..),187,
2019-12-03,2019139,08  14  20  23  30  33  11,420684332,4  (辽 浙 皖 渝),87,
2019-12-01,2019138,02  06  12  30  31  32  11,455574142,15  (京 冀 晋 蒙..),221,
2019-11-28,2019137,07  10  13  19  23  31  06,414318454,27  (京 津 蒙 辽..),230,
2019-11-26,2019136,12  14  15  17  29  33  12,411048748,7  (闽 鲁 湘 粤..),50,
2019-11-24,2019135,03  06  10  11  27  33  03,448749008,4  (苏 闽 豫),145,
2019-11-21,2019134,01  04  06  22  29  30  03,424644500,7  (津 辽 黑 闽..),99,
2019-11-19,2019133,03  07  16  21  24  31  07,412973230,10  (辽 沪 苏 鲁..),163,
2019-11-17,2019132,04  06  11  14  19  33  07,443878462,7  (京 浙 赣 粤..),141,
2019-11-14,2019131,09  17  19  20  24  31  04,413548024,12  (浙 闽 赣 豫..),195,
2019-11-12,2019130,01  07  09  11  24  32  16,418172282,15  (冀 蒙 赣 豫..),151,
2019-11-05,2019127,02  06  07  12  17  24  10,338393664,15  (冀 苏 赣 鲁..),227,
2019-11-03,2019126,02  14  17  29  32  33  16,369776508,8  (冀 黑 沪 鲁..),81,
2019-10-31,2019125,02  11  12  26  27  29  03,342491160,8  (冀 浙 粤 川),253,
2019-10-29,2019124,04  09  30  31  32  33  01,337939626,14  (京 津 冀 闽..),153,
2019-10-27,2019123,02  06  08  17  28  30  06,360609038,19  (晋 闽 赣 豫..),366,
2019-10-24,2019122,04  10  15  19  21  23  02,334989390,4  (冀 浙 鲁 鄂),117,
2019-10-22,2019121,02  06  15  21  30  31  02,334748934,15  (冀 浙 皖 鲁..),138,
2019-10-20,2019120,10  12  27  31  32  33  03,361613906,5  (浙 闽 鲁 渝..),85,
2019-10-17,2019119,04  20  22  24  26  33  07,332545590,9  (苏 皖 川 甘),73,
2019-10-15,2019118,12  14  15  25  28  31  04,329400746,6  (津 晋 黑 沪..),142,
2019-10-13,2019117,03  05  11  28  32  33  01,358734764,5  (京 闽 粤 川..),135,
2019-10-10,2019116,01  08  09  13  16  33  01,336502106,7  (辽 苏 豫 深圳..),146,
2019-10-08,2019115,04  10  11  14  15  29  05,354033692,8  (京 冀 辽 沪..),137,
2019-09-29,2019114,02  04  09  11  12  30  01,372847052,4  (苏 湘 滇),180,
2019-09-26,2019113,01  05  19  21  25  33  15,339648916,5  (浙 豫 粤 川),118,
2019-09-24,2019112,03  12  14  17  23  27  01,335430712,6  (吉 苏 鲁 粤..),173,
2019-09-22,2019111,07  18  20  22  24  33  01,371095278,6  (京 粤),82,
2019-09-19,2019110,01  18  22  26  27  28  08,345297696,8  (京 浙 皖 鲁..),89,
2019-09-12,2019107,02  06  08  23  27  32  02,326852234,2  (黑 桂),54,
2019-09-10,2019106,02  14  22  27  30  33  14,330410652,3  (京 皖 鲁),65,
2019-09-08,2019105,02  13  15  17  26  33  01,365092568,6  (晋 辽),85,
2019-09-05,2019104,01  05  16  17  18  24  10,336503558,7  (蒙 浙 闽 鲁..),120,
2019-09-03,2019103,04  12  14  21  27  29  12,334444954,2  (黑 滇),101,
2019-09-01,2019102,03  08  12  16  20  32  12,365310214,18  (冀 苏 赣 湘..),198,
2019-08-29,2019101,01  04  09  21  31  33  05,336008906,4  (晋 辽 粤),77,
2019-08-27,2019100,01  04  12  13  30  32  08,334319180,2  (浙 鄂),60,
2019-08-25,2019099,07  14  22  23  27  30  08,355328056,26  (吉 黑 皖 赣..),185,
2019-08-22,2019098,03  11  12  14  17  26  09,334187522,4  (辽 黑 浙 湘),136,
2019-08-20,2019097,03  05  18  24  25  31  09,328319954,5  (辽 粤 陕 新),98,
2019-08-18,2019096,05  07  12  18  27  32  11,355103324,48  (冀 晋 辽 赣..),310,
2019-08-15,2019095,02  05  14  19  21  28  01,327102912,3  (辽 粤),95,
2019-08-13,2019094,05  10  12  18  19  27  06,318739184,8  (苏 浙 赣 粤..),301,
2019-08-11,2019093,05  07  08  09  20  22  02,343851622,27  (京 冀 蒙 辽..),629,
2019-08-08,2019092,09  17  27  28  32  33  08,325113036,6  (京 苏 浙 湘..),67,
2019-08-06,2019091,07  10  21  24  29  32  11,321773688,2  (深圳 渝),94,
2019-08-04,2019090,02  03  06  08  14  22  04,355808718,2  (辽 粤),93,
2019-07-28,2019087,04  05  07  09  21  30  04,348495228,5  (沪 皖),99,
2019-07-25,2019086,16  22  24  26  28  31  06,318423888,11  (津 苏 闽 赣..),120,
2019-07-23,2019085,01  04  14  18  24  29  04,322387974,12  (冀 苏 鲁 鄂..),61,
2019-07-21,2019084,04  08  14  18  20  27  03,356282880,15  (蒙 浙 皖 鲁..),300,
2019-07-18,2019083,06  15  17  26  28  31  03,329029762,10  (冀 苏 浙 皖..),118,
2019-07-16,2019082,07  16  19  22  24  28  02,328221990,5  (冀 辽 皖 粤),91,
2019-07-14,2019081,05  24  27  29  31  32  10,359862504,5  (苏 鲁 粤 渝),58,
2019-07-11,2019080,03  06  08  20  24  32  07,333601616,7  (冀 辽 浙 皖..),80,
2019-07-09,2019079,01  03  06  09  19  31  16,324952306,15  (沪 苏 闽 赣..),156,
2019-07-07,2019078,01  17  27  29  31  33  12,358699764,14  (京 黑 苏 浙..),199,
2019-07-04,2019077,09  11  13  18  21  22  15,331156004,1  (浙),118,
2019-07-02,2019076,12  15  19  20  29  32  14,327737064,4  (深圳 川),84,
2019-06-30,2019075,05  08  20  22  31  33  03,356452390,2  (闽 粤),69,
2019-06-27,2019074,12  21  27  29  31  33  04,339313032,4  (冀 沪 皖 陕),51,
2019-06-25,2019073,01  02  06  12  16  18  08,334373706,17  (冀 晋 蒙 苏..),146,
2019-06-23,2019072,02  09  13  15  22  30  15,366310328,10  (冀 浙 赣 鲁..),155,
2019-06-20,2019071,01  08  19  24  29  30  04,338921834,22  (晋 沪 浙 豫..),371,
2019-06-18,2019070,06  15  18  19  24  32  09,335727814,3  (浙 渝 川),103,
2019-06-11,2019067,04  06  08  11  30  33  11,330381956,5  (京 辽 苏 湘),110,
2019-06-09,2019066,01  14  17  20  22  32  04,354505682,6  (蒙 鲁 豫 桂..),86,
2019-06-06,2019065,06  09  11  15  20  26  10,327400036,10  (京 冀 辽 苏..),317,
2019-06-04,2019064,12  20  24  25  30  33  12,331639006,4  (沪 浙 桂 贵),92,
2019-06-02,2019063,01  14  19  22  29  31  16,361222550,5  (黑 豫 鄂 琼),91,
2019-05-30,2019062,07  13  16  23  26  30  01,339468976,7  (沪 苏 浙 鄂..),161,
2019-05-28,2019061,03  17  19  24  27  31  12,335296666,6  (京 皖 渝 川..),80,
2019-05-26,2019060,03  04  14  20  23  27  01,367103342,2  (豫 粤),118,
2019-05-23,2019059,04  05  07  09  16  18  06,345567246,2  (鄂 桂),125,
2019-05-21,2019058,07  08  12  21  23  27  12,339299672,20  (冀 黑 沪 苏..),127,
2019-05-19,2019057,04  05  06  08  13  18  16,372560948,7  (黑 沪 湘 深圳..),127,
2019-05-16,2019056,13  14  17  19  21  29  01,351267630,1  (赣),78,
2019-05-14,2019055,01  06  11  15  19  31  10,350070872,2  (豫 粤),61,
2019-05-12,2019054,07  10  11  15  24  26  11,376075414,8  (京 吉 鲁 鄂..),132,
2019-05-09,2019053,04  16  22  25  29  31  08,345533966,12  (蒙 沪 苏 鄂..),109,
2019-05-07,2019052,03  06  09  13  16  19  16,342251970,153  (京 津 冀 晋..),2295,
2019-05-05,2019051,08  09  10  13  15  28  09,371316762,13  (晋 蒙 吉 黑..),120,
2019-05-02,2019050,04  06  10  11  21  23  02,311858860,13  (辽 吉 沪 皖..),100,
2019-04-25,2019047,03  11  18  25  30  33  14,349665886,1  (粤),388,
2019-04-23,2019046,02  12  16  22  25  32  06,349236650,17  (津 黑 沪 浙..),132,
2019-04-21,2019045,01  06  17  19  27  31  14,380577960,7  (辽 苏 粤 深圳..),83,
2019-04-18,2019044,06  14  16  17  23  29  07,350579948,12  (津 浙 皖 湘..),188,
2019-04-16,2019043,01  06  12  13  24  32  13,345296562,2  (鲁 鄂),99,
2019-04-14,2019042,15  17  19  22  25  26  04,376134240,4  (冀 晋 闽 鲁),132,
2019-04-11,2019041,02  09  13  23  24  26  16,347145834,2  (赣 豫),103,
2019-04-09,2019040,05  06  09  18  23  31  11,335974062,8  (京 黑 赣 豫..),159,
2019-04-07,2019039,06  07  11  14  27  32  08,363128750,11  (苏 浙 桂 陕),136,
2019-04-04,2019038,09  12  21  27  29  30  05,335328036,10  (沪 浙 鄂 渝..),101,
2019-04-02,2019037,01  07  12  14  18  25  10,344923376,12  (苏 浙 鲁 豫..),213,
2019-03-31,2019036,02  10  13  16  23  32  08,383547756,21  (津 冀 辽 吉..),85,
2019-03-28,2019035,01  05  07  09  10  20  16,354951028,11  (京 冀 黑 沪..),233,
2019-03-26,2019034,09  11  15  22  24  26  03,354652922,10  (京 冀 辽 沪..),103,
2019-03-24,2019033,09  15  19  21  23  29  15,385168218,22  (晋 苏 浙 豫..),224,
2019-03-21,2019032,04  08  09  13  28  33  04,353034100,6  (沪 苏 粤 贵..),228,
2019-03-19,2019031,03  13  15  18  21  33  16,358344316,5  (苏 渝),119,
2019-03-17,2019030,04  05  07  10  12  22  16,392415448,17  (晋 吉 浙 皖..),196,
2019-03-10,2019027,02  06  08  10  11  17  13,393236612,9  (鲁 湘 粤 贵),223,
2019-03-07,2019026,03  13  15  19  20  27  14,349411720,10  (京 蒙 皖 赣..),105,
2019-03-05,2019025,15  16  21  27  30  33  04,345714892,5  (辽 黑 湘 桂),74,
2019-03-03,2019024,01  08  23  25  28  29  10,384117562,8  (津 沪 浙 湘..),99,
2019-02-28,2019023,01  10  14  15  18  31  13,353488994,13  (蒙 黑 苏 浙..),336,
2019-02-26,2019022,03  07  11  21  30  33  07,338829860,19  (苏 皖 赣 鲁..),169,
2019-02-24,2019021,02  05  07  08  20  27  04,370839306,6  (津 豫 鄂 川..),214,
2019-02-21,2019020,02  12  13  23  27  28  12,330603914,11  (沪 浙 豫 鄂..),233,
2019-02-19,2019019,03  11  17  18  24  25  06,326400930,24  (京 津 冀 沪..),268,
2019-02-17,2019018,04  11  18  19  26  32  04,349743310,8  (苏 浙 皖 粤..),364,
2019-02-14,2019017,04  05  24  28  30  33  09,312764888,3  (辽 沪 滇),50,
2019-02-12,2019016,05  07  09  11  19  25  05,314659700,11  (冀 蒙 鲁 豫..),157,
2019-02-03,2019015,11  15  16  20  24  31  04,386508326,13  (晋 辽 黑 苏..),181,
2019-01-31,2019014,01  02  03  14  19  33  03,327526362,7  (辽 苏 豫 粤),168,
2019-01-29,2019013,05  07  14  16  18  21  01,332648408,4  (黑 浙 豫 陕),77,
2019-01-27,2019012,07  10  21  23  31  33  14,370443836,2  (黑),55,
2019-01-24,2019011,10  13  19  21  24  30  07,340431350,4  (冀 辽 豫),72,
2019-01-22,2019010,02  04  05  08  11  30  02,336769874,15  (京 冀 晋 黑..),178,
2019-01-15,2019007,06  10  14  15  19  23  15,340543166,9  (吉 浙 豫 鄂..),198,
2019-01-13,2019006,01  05  10  19  26  28  12,375825296,32  (京 晋 辽 黑..),96,
2019-01-10,2019005,21  22  26  28  31  32  07,343365078,11  (苏 闽 赣 豫..),68,
2019-01-08,2019004,08  12  16  19  26  32  03,338080388,8  (辽 苏 豫 川..),222,
2019-01-06,2019003,13  17  20  21  22  27  01,373728002,5  (沪 浙 鲁 陕),129,
2019-01-03,2019002,04  05  06  08  09  18  11,345144344,9  (京 沪 豫 粤..),129,
2019-01-01,2019001,06  10  13  15  32  33  15,341453440,14  (浙 鲁 深圳 渝..),147,
2018-12-30,2018153,01  07  17  23  25  31  11,363663410,4  (沪 豫 鄂),133,
2018-12-27,2018152,04  14  16  23  28  29  03,342935808,20  (晋 蒙 辽 吉..),168,
2018-12-25,2018151,05  15  19  25  26  29  15,345353380,4  (辽 闽 赣 豫),203,
2018-12-23,2018150,06  08  15  19  20  31  05,377320206,15  (冀 蒙 沪 苏..),270,
2018-12-20,2018149,01  07  08  10  12  24  01,353364860,12  (辽 黑 苏 浙..),212,
2018-12-18,2018148,03  06  18  19  21  31  01,346743178,11  (浙 皖 豫 粤..),210,
2018-12-16,2018147,03  15  17  23  27  30  11,378419434,11  (辽 沪 苏 闽..),102,
2018-12-13,2018146,02  10  11  17  18  29  16,345409226,13  (京 苏 浙 鲁..),157,
2018-12-11,2018145,03  09  13  22  23  25  06,349376292,21  (辽 沪 浙 皖..),172,
2018-12-09,2018144,08  13  17  18  20  27  13,387956028,1  (津),117,
2018-12-06,2018143,04  06  15  28  32  33  14,373157016,16  (冀 蒙 浙 鲁..),117,
2018-11-29,2018140,01  15  20  22  25  28  14,386006162,0,103,
2018-11-27,2018139,11  18  20  23  31  32  15,380559364,10  (辽 苏 鲁 粤..),82,
2018-11-25,2018138,01  10  25  27  30  32  09,412013682,3  (皖 粤 陕),67,
2018-11-22,2018137,03  05  11  15  20  23  09,379485292,10  (蒙 吉 苏 渝..),141,
2018-11-20,2018136,10  12  15  25  26  27  14,377111910,6  (冀 辽 鄂 粤..),149,
2018-11-18,2018135,01  03  06  10  11  29  16,406719454,4  (京 晋 辽 豫),133,
2018-11-15,2018134,03  16  18  31  32  33  12,377767366,11  (京 辽 苏 皖..),297,
2018-11-13,2018133,02  04  11  12  18  32  13,374106026,3  (粤 甘),65,
2018-11-11,2018132,01  02  09  10  15  22  06,408709916,12  (辽 黑 浙 豫..),104,
2018-11-08,2018131,21  22  24  31  32  33  01,383809176,2  (冀 浙),125,
2018-11-06,2018130,05  12  17  18  24  28  12,374274632,17  (京 晋 黑 沪..),841,
2018-11-04,2018129,02  04  06  16  18  19  16,418290398,7  (京 辽 鲁 豫..),117,
2018-11-01,2018128,06  07  08  19  22  23  02,388471822,11  (蒙 辽 苏 皖..),300,
2018-10-30,2018127,02  05  06  07  11  15  12,383266268,13  (蒙 沪 浙 皖..),202,
2018-10-28,2018126,01  06  08  09  14  22  05,415778246,8  (皖 湘 贵 滇..),138,
2018-10-25,2018125,03  10  11  14  15  32  02,391293382,3  (冀 蒙 辽),54,
2018-10-23,2018124,09  13  14  19  22  25  02,378069006,4  (鲁 湘 粤 青),127,
2018-10-21,2018123,13  21  24  27  31  32  01,410429482,6  (豫 鄂 粤 贵..),115,
2018-10-14,2018120,03  04  18  26  27  33  01,357215818,5  (津 冀 辽 鄂),185,
2018-10-11,2018119,03  13  14  16  25  27  12,328321394,10  (冀 晋 黑 湘..),117,
2018-10-09,2018118,08  12  21  22  27  31  09,322015414,7  (浙 鄂 粤 深圳..),140,
2018-10-07,2018117,08  11  15  17  23  25  05,340052040,6  (京 苏 鲁 粤..),189,
2018-10-04,2018116,05  14  17  22  23  28  15,281786404,44  (蒙 黑 浙 湘..),320,
2018-10-02,2018115,01  13  19  24  26  29  11,273986534,1  (粤),52,
2018-09-30,2018114,01  07  15  16  20  27  14,336072030,6  (津 浙 闽 川..),203,
2018-09-27,2018113,01  06  09  16  25  26  09,314160394,11  (京 冀 赣 粤..),208,
2018-09-25,2018112,05  08  18  25  26  31  04,302328982,11  (冀 辽 苏 鲁..),154,
2018-09-23,2018111,01  07  14  24  25  28  08,320180512,11  (京 辽 沪 浙..),143,
2018-09-20,2018110,11  13  16  21  22  23  02,307066624,2  (吉 渝),66,
2018-09-18,2018109,10  11  18  23  31  33  15,306989720,4  (黑 苏 鲁 川),69,
2018-09-16,2018108,05  13  18  21  26  30  02,322147946,22  (京 冀 沪 浙..),179,
2018-09-13,2018107,01  02  05  12  20  22  01,317508712,6  (辽 浙 赣 鲁..),139,
2018-09-11,2018106,04  18  19  24  25  26  10,312096980,4  (京 辽 鲁),125,
2018-09-09,2018105,04  05  13  18  19  25  01,343324268,17  (京 沪 苏 皖..),150,
2018-09-06,2018104,02  03  06  19  25  29  01,312637426,5  (京 辽 沪 鲁..),158,
2018-09-04,2018103,02  09  15  22  23  24  16,314574584,7  (吉 闽 赣 鲁..),111,
2018-08-28,2018100,02  11  14  15  29  33  02,309533260,3  (冀 鲁 豫),91,
2018-08-26,2018099,03  07  08  14  25  32  06,339383254,12  (冀 晋 黑 浙..),242,
2018-08-23,2018098,06  10  11  20  29  32  13,314746902,9  (晋 辽 苏 皖..),125,
2018-08-21,2018097,01  02  17  20  25  28  13,313501772,1  (粤),38,
2018-08-19,2018096,01  05  09  20  28  32  12,338691852,23  (沪 苏 浙 豫..),150,
2018-08-16,2018095,10  11  12  21  26  33  09,320539494,4  (辽 闽 粤),87,
2018-08-14,2018094,04  07  16  20  24  30  05,314204036,0,148,
2018-08-12,2018093,04  18  20  21  29  33  07,341609166,3  (沪 浙 贵),78,
2018-08-09,2018092,06  10  16  19  24  33  16,318819890,1  (津),95,
2018-08-07,2018091,06  11  13  17  25  32  07,315853082,4  (京 苏 浙),81,
2018-08-05,2018090,01  02  04  10  14  23  07,340370390,12  (京 辽 皖 闽..),85,
2018-08-02,2018089,06  09  12  14  18  27  14,312432712,5  (晋 苏 浙 渝..),172,
2018-07-31,2018088,03  05  12  29  30  32  14,315199378,8  (晋 浙 鄂 湘..),69,
2018-07-29,2018087,01  05  10  16  18  31  03,348603358,3  (渝 甘),74,
2018-07-26,2018086,02  07  17  21  23  26  16,322631262,18  (苏 浙 皖 鄂..),109,
2018-07-24,2018085,04  10  25  26  30  33  06,322576362,8  (津 浙 桂 渝..),88,
2018-07-22,2018084,05  06  08  12  22  24  03,347865554,13  (京 蒙 黑 沪..),249,
2018-07-19,2018083,04  09  18  21  32  33  03,323565026,11  (苏 粤 滇),126,
2018-07-12,2018080,04  07  13  20  29  33  03,325310442,6  (冀 浙 湘 桂..),128,
2018-07-10,2018079,14  15  17  22  24  29  13,327442428,2  (浙 闽),77,
2018-07-08,2018078,03  10  14  17  18  30  12,358569878,6  (蒙 吉 苏 浙..),204,
2018-07-05,2018077,02  05  09  15  20  24  10,327832004,7  (冀 辽 浙 桂..),109,
2018-07-03,2018076,03  07  08  15  29  30  13,327873252,22  (冀 辽 吉 黑..),363,
2018-07-01,2018075,07  09  12  13  22  24  11,356378720,17  (沪 苏 鲁 粤..),120,
2018-06-28,2018074,09  11  14  20  27  30  09,327800026,9  (辽 黑 苏 浙..),120,
2018-06-26,2018073,02  09  14  15  16  23  10,329645754,8  (冀 蒙 赣 鲁),104,
2018-06-24,2018072,11  16  19  22  25  30  08,372281494,19  (冀 蒙 黑 浙..),101,
2018-06-21,2018071,02  05  06  13  16  19  03,348880396,9  (黑 苏 浙 皖..),110,
2018-06-19,2018070,04  09  15  16  19  27  10,339461364,13  (蒙 沪 皖 赣..),138,
2018-06-17,2018069,06  13  17  19  23  31  12,355213336,5  (浙 粤 桂 渝),126,
2018-06-14,2018068,08  10  17  20  27  30  01,332649368,3  (京 湘 粤),225,
2018-06-12,2018067,01  04  09  12  15  18  05,324647042,8  (京 皖 鲁 琼..),122,
2018-06-10,2018066,09  16  17  19  22  26  10,357968382,10  (浙 赣 粤 川),195,
2018-06-07,2018065,01  04  06  14  28  33  01,329937636,6  (京 蒙 皖 粤..),123,
2018-06-05,2018064,02  05  10  11  17  21  05,329557586,12  (京 冀 辽 浙..),149,
2018-06-03,2018063,05  06  10  16  20  25  12,358387608,27  (冀 辽 沪 浙..),315,
2018-05-27,2018060,04  08  13  25  30  31  10,364451892,5  (辽 苏 闽 鄂..),111,
2018-05-24,2018059,04  06  08  13  22  32  11,335528070,5  (晋 苏 贵 滇..),69,
2018-05-22,2018058,07  12  13  16  26  31  07,328678478,11  (辽 深圳 陕),120,
2018-05-20,2018057,05  15  17  19  20  30  13,360079018,9  (冀 吉 闽 鲁..),193,
2018-05-17,2018056,01  03  06  20  21  26  01,332042280,7  (沪 鲁 粤 川),187,
2018-05-15,2018055,07  09  10  12  22  26  07,328077816,39  (冀 苏 浙 鲁..),131,
2018-05-13,2018054,04  06  18  22  25  33  16,364343470,4  (冀 苏 鄂 新),86,
2018-05-10,2018053,01  04  10  11  14  27  06,336743448,8  (辽 黑 浙 豫..),104,
2018-05-08,2018052,03  05  06  09  15  32  14,335132016,4  (冀 晋 辽 鲁),104,
2018-05-06,2018051,05  07  20  23  27  31  04,362286900,5  (苏 鲁 粤 甘..),146,
2018-05-03,2018050,01  02  04  10  18  19  07,332612986,7  (吉 黑 浙 渝..),146,
2018-05-01,2018049,01  03  04  11  19  23  02,308606382,7  (浙 鲁),88,
2018-04-29,2018048,01  12  20  25  30  31  02,347082070,4  (津 浙 桂 川),76,
2018-04-26,2018047,06  07  12  16  22  25  07,340211348,9  (沪 浙 闽 赣..),102,
2018-04-24,2018046,10  13  14  18  20  31  03,341414200,2  (辽 皖),100,
2018-04-22,2018045,03  04  06  25  26  30  01,381384846,3  (鲁 桂 甘),82,
2018-04-19,2018044,05  09  12  17  27  30  06,351490126,22  (京 津 蒙 黑..),643,
2018-04-17,2018043,01  04  06  08  21  24  07,350595736,6  (冀 蒙 浙 鄂..),93,
2018-04-10,2018040,01  03  08  13  18  23  16,341719534,11  (冀 晋 辽 沪..),283,
2018-04-08,2018039,08  12  18  19  23  32  03,368394896,6  (赣 鲁 豫 湘..),168,
2018-04-05,2018038,15  23  24  25  28  29  09,303245456,5  (苏 浙 深圳 桂..),75,
2018-04-03,2018037,01  06  07  08  27  30  10,336334062,12  (冀 辽 吉 鲁..),137,
2018-04-01,2018036,08  17  24  26  28  33  04,375931002,4  (苏 深圳 陕),117,
2018-03-29,2018035,07  10  11  17  23  28  15,350309396,6  (浙 湘 粤 深圳..),289,
2018-03-27,2018034,01  05  11  22  23  26  15,348544506,8  (辽 吉 皖 鲁..),122,
2018-03-25,2018033,04  19  20  22  28  33  06,376360408,3  (沪 皖 赣),88,
2018-03-22,2018032,21  22  23  24  25  32  06,351194914,3  (津 闽 桂),127,
2018-03-20,2018031,02  16  18  19  27  30  14,345048756,3  (蒙 苏 闽),116,
2018-03-18,2018030,13  14  20  21  25  33  07,388492136,1  (苏),98,
2018-03-15,2018029,01  02  09  14  22  25  05,349939456,5  (晋 辽 浙 豫),85,
2018-03-13,2018028,03  08  11  14  18  23  16,352015830,7  (津 蒙 沪 浙..),220,
2018-03-11,2018027,02  07  09  14  18  28  05,386579026,6  (苏 闽 鲁 鄂),144,
2018-03-08,2018026,04  07  12  14  26  32  04,341958742,6  (苏 赣 鲁 湘..),75,
2018-03-06,2018025,04  13  16  19  21  25  14,341614936,1  (桂),83,
2018-03-04,2018024,11  19  22  26  31  32  02,373443496,9  (黑 赣 豫 湘..),81,
2018-03-01,2018023,12  15  16  21  26  29  16,339395846,3  (京 津 苏),159,
2018-02-22,2018020,06  09  10  14  28  30  05,322991340,33  (京 冀 晋 闽..),212,
2018-02-13,2018019,03  11  12  16  21  23  09,353382992,8  (京 冀 黑 苏..),80,
2018-02-11,2018018,02  12  13  18  25  27  07,364855490,12  (辽 黑 苏 浙..),214,
2018-02-08,2018017,03  06  11  26  30  32  12,341808336,5  (蒙 浙 闽 粤..),68,
2018-02-06,2018016,01  11  12  18  25  27  16,338462386,4  (京 鲁),98,
2018-02-04,2018015,11  15  20  21  26  33  15,372995620,6  (蒙 浙 皖 桂..),172,
2018-02-01,2018014,09  12  20  24  28  31  07,341965074,17  (苏 鲁 鄂 粤..),103,
2018-01-30,2018013,06  08  13  15  22  33  06,338322260,9  (苏 赣 豫 粤..),99,
2018-01-28,2018012,11  12  13  19  26  28  12,367108128,8  (晋 沪 苏 鄂..),129,
2018-01-25,2018011,03  10  21  23  27  33  11,336871794,8  (晋 沪 皖 豫..),138,
2018-01-23,2018010,01  08  17  20  21  22  03,351327690,6  (京 辽 粤 渝..),71,
2018-01-21,2018009,05  10  17  23  26  32  07,384256808,17  (京 晋 苏 豫..),221,
2018-01-18,2018008,05  09  10  12  17  19  13,359785672,11  (京 辽 吉 鄂..),144,
2018-01-16,2018007,13  14  20  25  27  31  12,354279554,8  (冀 浙 鲁 鄂..),132,
2018-01-14,2018006,02  07  08  09  17  29  11,387617618,11  (京 辽 吉 沪..),172,
2018-01-11,2018005,02  20  21  28  31  33  06,354961030,1  (京),68,
2018-01-09,2018004,14  18  19  26  30  31  11,349304820,13  (吉 浙 鄂 粤..),55,
2018-01-07,2018003,01  14  16  17  20  31  04,388121442,5  (冀 晋 皖 鲁..),167,
2017-12-31,2017154,05  09  13  15  18  26  05,414241024,11  (冀 浙 皖 赣..),141,
2017-12-28,2017153,07  11  12  13  18  19  16,372349292,4  (京 晋 浙 鄂),165,
2017-12-26,2017152,06  10  23  25  26  29  05,367326916,8  (吉 浙 闽 鲁..),129,
2017-12-24,2017151,02  05  07  09  11  27  16,410102286,6  (辽 苏 皖 闽),171,
2017-12-21,2017150,06  14  19  20  21  23  08,382821120,9  (皖 鄂 粤 深圳..),82,
2017-12-19,2017149,05  08  15  20  27  30  13,389703152,67  (冀 蒙 辽 吉..),1126,
2017-12-17,2017148,04  07  11  14  29  32  12,419003890,18  (京 冀 蒙 辽..),274,
2017-12-14,2017147,03  07  20  21  25  31  14,397012632,3  (晋 沪 皖),131,
2017-12-12,2017146,01  19  25  26  27  33  10,409358700,21  (京 冀 吉 苏..),252,
2017-12-10,2017145,02  06  12  17  25  28  12,434698744,31  (冀 晋 蒙 辽..),458,
2017-12-07,2017144,03  14  16  20  31  32  09,394649686,8  (京 津 浙 赣..),54,
2017-12-05,2017143,04  06  09  14  20  29  14,383967718,13  (冀 辽 沪 鲁..),164,
2017-12-03,2017142,08  13  14  18  23  33  06,417715258,6  (晋 闽 赣 豫..),149,
2017-11-30,2017141,01  06  07  11  13  15  05,374075240,4  (苏 鲁 粤 陕),78,
2017-11-28,2017140,21  22  25  28  29  30  08,376479116,16  (京 蒙 苏 浙..),83,
2017-11-26,2017139,02  14  20  24  28  32  16,409744564,6  (晋 豫 粤 川..),92,
2017-11-23,2017138,01  17  24  28  32  33  02,377937674,6  (苏 浙 粤 渝..),79,
2017-11-21,2017137,05  10  20  23  26  31  03,376184186,7  (津 蒙 皖 桂..),146,
2017-11-14,2017134,04  05  11  14  28  32  04,365781644,13  (京 晋 蒙 吉..),99,
2017-11-12,2017133,06  15  17  18  23  30  11,400247724,7  (冀 辽 沪 鄂..),223,
2017-11-09,2017132,02  03  05  09  13  28  11,377852842,6  (京 浙 粤 桂..),139,
2017-11-07,2017131,01  07  10  11  26  27  11,367788616,25  (冀 辽 吉 沪..),131,
2017-11-05,2017130,05  13  14  23  25  31  02,401382016,5  (浙 皖 川),211,
2017-11-02,2017129,05  06  09  14  21  33  02,334351058,3  (晋 辽 桂),116,
2017-10-31,2017128,02  06  13  22  29  31  08,323872230,13  (津 辽 鲁 鄂..),111,
2017-10-29,2017127,14  15  21  24  27  32  12,351381232,4  (沪 苏 粤 甘),63,
2017-10-26,2017126,01  16  17  21  27  30  16,328800104,8  (浙 闽 滇),63,
2017-10-24,2017125,01  14  23  25  29  30  03,324821104,6  (沪 皖 鲁 粤..),133,
2017-10-22,2017124,02  06  11  26  28  29  03,352610564,8  (冀 沪 皖 闽..),126,
2017-10-19,2017123,04  05  06  11  21  31  10,327467830,16  (晋 蒙 沪 苏..),237,
2017-10-17,2017122,11  20  21  22  24  27  15,323216212,4  (苏 豫),52,
2017-10-15,2017121,11  18  19  22  24  32  07,344520506,5  (浙 闽 鄂 滇),136,
2017-10-12,2017120,08  10  15  19  23  28  16,319254526,5  (冀 辽 皖 川..),192,
2017-10-10,2017119,09  16  21  25  26  31  14,311293858,11  (冀 苏 浙 皖..),127,
2017-10-08,2017118,08  09  15  22  30  33  16,339910326,12  (浙 闽 豫 湘..),123,
2017-10-05,2017117,01  02  08  11  14  21  09,277103412,3  (鲁 粤 陕),53,
2017-09-28,2017114,06  12  13  15  18  26  13,321554260,4  (沪 鲁 鄂 深圳),89,
2017-09-26,2017113,04  06  16  27  29  33  05,316223542,4  (冀 辽 鲁),75,
2017-09-24,2017112,03  10  14  16  22  23  11,346255520,2  (粤 陕),76,
2017-09-21,2017111,05  10  17  19  29  32  12,317976914,16  (黑 苏 浙 闽..),99,
2017-09-19,2017110,01  03  12  15  19  23  14,316936062,3  (冀 皖 鄂),68,
2017-09-17,2017109,08  14  16  18  21  23  16,349302018,4  (黑 贵 滇),96,
2017-09-14,2017108,07  12  14  15  17  20  01,320774192,6  (晋 蒙 赣 鲁..),113,
2017-09-12,2017107,08  09  15  17  30  32  06,319335446,19  (京 沪 赣 粤..),202,
2017-09-10,2017106,12  15  20  25  27  31  02,346574690,4  (冀 吉 闽 湘),82,
2017-09-07,2017105,03  06  07  12  25  26  07,314223620,29  (冀 晋 辽 沪..),254,
2017-09-05,2017104,01  14  15  20  23  30  14,310263038,2  (黑 贵),93,
2017-09-03,2017103,01  21  23  25  31  33  01,347478996,9  (晋 鲁 湘 粤..),64,
2017-08-31,2017102,04  08  10  14  18  20  11,315963272,14  (京 冀 蒙 辽..),150,
2017-08-29,2017101,01  04  11  28  31  32  16,313219868,2  (粤 甘),51,
2017-08-27,2017100,04  07  08  18  23  24  02,343590604,16  (京 苏 浙 湘..),117,
2017-08-24,2017099,02  05  06  16  28  29  04,310565530,27  (津 冀 蒙 沪..),142,
2017-08-22,2017098,04  19  22  27  30  33  01,314009676,14  (辽 沪 苏 浙..),93,
2017-08-20,2017097,05  10  18  19  30  31  03,348913966,10  (冀 沪 浙 赣..),183,
2017-08-13,2017094,08  11  13  19  28  31  06,341689810,9  (吉 皖 豫 湘..),128,
2017-08-10,2017093,07  08  09  15  22  27  12,308248758,39  (苏 浙 皖 鲁..),238,
2017-08-08,2017092,10  18  19  29  32  33  09,308876342,4  (浙 豫),131,
2017-08-06,2017091,05  07  10  23  28  29  03,337138076,4  (鲁 滇 新),141,
2017-08-03,2017090,01  07  10  16  22  33  09,312174318,4  (津 鲁 滇),84,
2017-08-01,2017089,11  12  13  16  23  25  12,314842050,2  (辽 豫),69,
2017-07-30,2017088,07  09  18  22  23  29  06,346380162,10  (黑 沪 苏 皖..),406,
2017-07-27,2017087,03  06  13  14  19  28  06,316090948,13  (津 苏 皖 鲁..),105,
2017-07-25,2017086,03  05  06  13  20  22  07,313250840,5  (鲁 桂 滇),73,
2017-07-23,2017085,01  05  06  16  25  30  09,340676888,7  (浙 皖 赣 粤..),148,
2017-07-20,2017084,01  05  11  20  22  24  02,314750766,9  (蒙 辽 皖 鲁..),98,
2017-07-18,2017083,03  08  14  20  24  26  12,305712986,13  (冀 苏 赣 鄂..),161,
2017-07-16,2017082,14  18  21  25  28  29  10,340327376,9  (晋 辽 湘 桂..),120,
2017-07-13,2017081,03  05  14  25  26  30  05,311169340,4  (豫 宁),134,
2017-07-11,2017080,01  12  16  20  22  24  08,309113400,10  (蒙 辽 浙 皖..),103,
2017-07-09,2017079,03  07  14  23  25  27  08,338568770,5  (黑 浙 闽 鲁..),107,
2017-07-06,2017078,05  07  18  19  22  24  16,308678006,7  (沪 浙 鲁 粤..),160,
2017-07-04,2017077,01  02  04  15  17  22  14,310153396,4  (蒙 豫 鄂 贵),93,
2017-06-27,2017074,02  06  16  23  30  31  02,312167868,16  (京 辽 沪 苏..),548,
2017-06-25,2017073,03  06  16  23  26  30  14,347269730,9  (沪 皖 豫 深圳..),173,
2017-06-22,2017072,06  11  14  23  26  30  02,321195342,11  (京 辽 浙 闽..),94,
2017-06-20,2017071,02  03  06  14  31  32  03,322489468,4  (津 皖 粤),51,
2017-06-18,2017070,01  06  14  22  25  26  12,357559628,4  (黑 沪 浙 桂),92,
2017-06-15,2017069,02  11  12  23  29  31  05,326172358,3  (苏 赣 川),98,
2017-06-13,2017068,02  06  10  22  30  31  15,320912348,7  (冀 苏 浙 鄂),102,
2017-06-11,2017067,01  03  04  10  18  29  04,356270498,10  (冀 沪 苏 豫..),131,
2017-06-08,2017066,01  04  06  17  19  26  03,329821920,8  (辽 浙 湘 粤..),103,
2017-06-06,2017065,02  05  08  10  12  21  07,320800086,14  (津 辽 黑 苏..),181,
2017-06-04,2017064,02  10  16  22  24  28  15,351655222,5  (冀 粤 渝 川),158,
2017-06-01,2017063,12  16  20  22  25  31  04,307572084,4  (冀 桂 川),246,
2017-05-30,2017062,01  07  22  24  26  31  10,292747704,2  (辽 赣),50,
2017-05-28,2017061,06  07  12  20  26  27  11,327891234,22  (京 辽 吉 苏..),236,
2017-05-25,2017060,05  10  13  24  26  31  04,320553910,4  (京 浙 湘 滇),113,
2017-05-23,2017059,04  08  09  15  19  25  09,306145516,26  (京 冀 辽 黑..),222,
2017-05-21,2017058,01  09  13  22  28  32  11,338794650,8  (晋 浙 皖 鄂..),111,
2017-05-18,2017057,18  20  22  23  30  31  16,314697362,9  (冀 沪 皖 粤),71,
2017-05-11,2017054,02  03  09  23  28  33  08,315730948,2  (浙 粤),73,
2017-05-09,2017053,04  09  11  15  29  31  06,316559816,6  (闽 赣 湘 粤..),77,
2017-05-07,2017052,07  08  18  24  29  31  07,346847224,5  (皖 闽 豫 陕),182,
2017-05-04,2017051,02  05  09  15  24  25  11,315667040,10  (冀 晋 蒙 苏..),194,
2017-05-02,2017050,10  12  20  24  27  29  07,308163776,5  (苏 浙 皖 川),64,
2017-04-30,2017049,01  08  14  15  20  29  10,326777700,7  (鄂 桂 渝 甘),113,
2017-04-27,2017048,05  08  09  14  15  19  07,317465116,11  (吉 苏 浙 豫..),107,
2017-04-25,2017047,02  05  08  10  32  33  02,313845556,6  (京 冀 沪 粤..),181,
2017-04-23,2017046,04  13  14  23  26  32  10,348845228,6  (苏 豫 湘 深圳..),95,
2017-04-20,2017045,05  07  16  20  21  25  05,320562564,4  (辽 川 贵),99,
2017-04-18,2017044,08  16  19  21  31  32  06,318935018,15  (苏 闽 鲁 深圳..),81,
2017-04-16,2017043,08  13  16  23  27  31  08,348879160,4  (苏 浙 桂),170,
2017-04-13,2017042,01  02  04  07  10  23  04,326995938,8  (冀 辽 浙 深圳..),69,
2017-04-11,2017041,04  10  13  15  22  27  04,322450520,21  (蒙 浙 鲁 湘..),114,
2017-04-09,2017040,15  19  23  28  29  33  04,359413424,13  (冀 沪 浙 豫..),82,
2017-04-06,2017039,02  04  12  14  17  24  15,330405710,1  (苏),109,
2017-04-04,2017038,01  04  08  13  24  27  05,310673636,5  (辽 沪 豫),191,
2017-04-02,2017037,11  15  20  22  25  30  05,346434206,7  (黑 沪 苏 豫..),102,
2017-03-26,2017034,04  07  08  19  32  33  13,373962682,8  (冀 苏 赣 鄂..),146,
2017-03-23,2017033,05  07  15  20  23  30  15,346477046,12  (冀 黑 苏 闽..),205,
2017-03-21,2017032,05  08  15  24  27  31  11,346410188,63  (京 津 冀 蒙..),284,
2017-03-19,2017031,06  10  16  26  27  29  03,377406752,30  (京 冀 辽 黑..),344,
2017-03-16,2017030,01  07  09  20  23  30  02,350487064,5  (苏 陕 新),81,
2017-03-14,2017029,02  15  21  23  25  30  10,343011048,4  (黑 沪 浙 鲁),53,
2017-03-12,2017028,07  08  12  13  22  30  09,377657484,9  (津 沪 苏 赣..),152,
2017-03-09,2017027,02  04  11  14  27  30  05,344767540,3  (苏 豫 桂),76,
2017-03-07,2017026,03  10  12  19  27  30  08,338217710,30  (津 冀 辽 吉..),385,
2017-03-05,2017025,02  15  16  17  22  32  07,372684176,11  (冀 辽 苏 浙..),176,
2017-03-02,2017024,09  21  25  26  29  31  13,342020216,6  (鲁 粤 深圳 川..),120,
2017-02-28,2017023,01  03  04  11  18  22  14,337872226,3  (辽 鄂 川),108,
2017-02-26,2017022,02  06  15  16  18  32  15,370988738,4  (浙 豫 湘 滇),63,
2017-02-23,2017021,02  05  10  22  32  33  09,329896520,16  (冀 吉 苏 闽..),115,
2017-02-21,2017020,04  08  10  12  31  33  10,321450250,4  (沪 赣 粤),87,
2017-02-19,2017019,04  06  08  12  23  25  08,362828374,4  (京 浙 粤 滇),111,
2017-02-16,2017018,01  02  03  17  25  31  09,332385048,5  (豫 渝 川),91,
2017-02-14,2017017,03  07  08  10  22  23  12,329086094,5  (冀 黑 粤 桂..),120,
2017-02-07,2017014,06  08  18  20  23  31  13,307538720,5  (赣 豫 渝 滇),144,
2017-02-05,2017013,08  11  28  29  31  33  06,377878424,10  (吉 浙 皖 鲁..),99,
2017-01-26,2017012,10  11  14  15  16  24  07,329120186,9  (冀 辽 渝 陕),80,
2017-01-24,2017011,10  11  12  23  26  29  16,318019266,11  (冀 晋 鲁 湘..),229,
2017-01-22,2017010,05  08  19  25  28  30  07,350388682,30  (京 津 辽 黑..),231,
2017-01-19,2017009,02  06  08  09  15  29  14,318286702,9  (冀 辽 沪 豫..),145,
2017-01-17,2017008,07  13  15  27  28  29  13,318368112,10  (蒙 黑 沪 苏..),165,
2017-01-15,2017007,02  04  05  24  26  33  15,358098002,7  (冀 蒙 苏 闽..),62,
2017-01-12,2017006,02  04  08  26  29  33  08,327823184,4  (粤 琼),70,
2017-01-10,2017005,06  11  12  22  23  30  05,328457210,14  (京 冀 浙 闽..),204,
2017-01-08,2017004,05  13  17  26  27  30  07,361243290,18  (京 辽 沪 苏..),294,
2017-01-05,2017003,01  04  08  15  27  32  16,328263696,3  (晋 鲁 渝),80,
2017-01-03,2017002,15  19  23  24  25  32  03,333473696,4  (苏 浙 粤 滇),67,
2017-01-01,2017001,09  11  14  20  25  26  15,376155592,9  (津 吉 苏 闽..),184,
2016-12-29,2016153,07  09  16  24  25  29  06,342438226,5  (黑 苏 渝 甘),247,
2016-12-27,2016152,02  08  09  16  20  22  07,338973816,17  (蒙 辽 浙 鲁..),247,
2016-12-25,2016151,06  11  16  20  22  33  07,375311070,11  (冀 吉 苏 闽..),130,
2016-12-22,2016150,02  04  05  09  13  21  05,350741078,22  (京 辽 苏 豫..),140,
2016-12-15,2016147,04  14  18  28  31  32  12,341474648,5  (冀 沪 苏 粤..),113,
2016-12-13,2016146,03  07  15  16  17  23  10,344859752,8  (蒙 黑 苏 豫..),133,
2016-12-11,2016145,01  03  07  12  19  20  06,398955964,8  (京 浙 鲁 粤),157,
2016-12-08,2016144,04  10  12  27  32  33  05,372346108,14  (津 冀 蒙 皖..),86,
2016-12-06,2016143,06  09  23  24  25  33  13,378923738,5  (黑 沪 浙 深圳..),143,
2016-12-04,2016142,01  10  17  21  23  30  12,407120242,11  (黑 浙 闽 粤..),85,
2016-12-01,2016141,04  13  15  17  21  24  15,371798444,7  (苏 皖 豫 粤..),106,
2016-11-29,2016140,01  02  05  17  26  32  10,360447386,16  (浙 闽 赣 鲁..),84,
2016-11-27,2016139,01  06  19  26  28  30  03,395456724,5  (鄂 粤 琼 渝..),94,
2016-11-24,2016138,07  16  20  24  25  30  07,350229764,12  (京 辽 闽 湘..),160,
2016-11-22,2016137,01  06  09  10  15  32  14,339962622,4  (闽 粤 渝 宁),90,
2016-11-20,2016136,02  07  10  20  27  29  03,396457052,8  (京 辽 沪 鄂..),117,
2016-11-17,2016135,02  08  10  18  20  33  12,353219786,24  (京 冀 苏 浙..),172,
2016-11-15,2016134,11  12  13  14  18  33  13,356409344,8  (吉 沪 浙 粤..),107,
2016-11-13,2016133,15  16  21  22  27  33  15,397601552,26  (冀 苏 鲁 豫..),242,
2016-11-10,2016132,05  08  13  19  27  28  07,349399364,37  (津 冀 辽 黑..),358,
2016-11-08,2016131,04  10  18  19  25  27  02,341425796,4  (冀 苏 皖 新),112,
2016-11-06,2016130,03  17  21  23  27  28  01,389013348,8  (京 苏 浙 闽..),88,
2016-10-30,2016127,07  12  17  26  29  31  16,377635784,3  (冀 鲁 琼),127,
2016-10-27,2016126,02  06  12  17  18  19  10,347402822,4  (浙 鲁 豫 宁),182,
2016-10-25,2016125,01  06  08  20  27  30  03,346147358,10  (辽 浙 赣 豫..),94,
2016-10-23,2016124,09  15  21  24  27  32  10,370331346,5  (鲁 鄂 滇 藏..),120,
2016-10-20,2016123,07  09  12  14  20  27  16,305299416,3  (沪 桂 渝),191,
2016-10-18,2016122,15  22  23  24  28  29  08,305059324,6  (浙 皖 湘 粤..),96,
2016-10-16,2016121,02  03  10  23  25  28  09,340006950,5  (吉 苏 鲁 湘..),106,
2016-10-13,2016120,02  05  06  21  25  28  09,309329228,6  (京 蒙 辽 沪..),139,
2016-10-11,2016119,09  19  21  30  31  32  04,302415052,4  (冀 蒙 浙 皖),353,
2016-10-09,2016118,09  14  22  23  31  33  14,338792784,4  (黑 沪 浙 皖),97,
2016-10-06,2016117,03  10  14  17  28  33  02,281128494,12  (京 蒙 沪 皖..),167,
2016-10-04,2016116,07  18  20  23  27  31  13,268669114,6  (苏 鄂 渝 甘),52,
2016-10-02,2016115,06  08  20  22  26  27  09,307770194,13  (辽 吉 苏 浙..),62,
2016-09-29,2016114,05  16  20  22  27  29  09,300350554,21  (京 辽 沪 苏..),103,
2016-09-27,2016113,01  11  16  17  20  26  14,301675518,6  (京 辽 鲁 鄂..),95,
2016-09-25,2016112,06  12  14  15  18  25  12,339124224,8  (辽 吉 黑 苏..),105,
2016-09-22,2016111,02  04  07  14  15  32  04,310894592,3  (黑 桂 贵),68,
2016-09-20,2016110,05  07  28  31  32  33  08,306664040,5  (沪 浙 鲁 湘..),55,
2016-09-13,2016107,06  11  18  26  27  32  01,295842288,13  (吉 沪 苏 皖..),230,
2016-09-11,2016106,04  05  13  22  25  30  04,329967722,6  (京 苏 浙 湘..),119,
2016-09-08,2016105,08  10  19  27  28  31  16,304435234,13  (京 辽 浙 鄂..),153,
2016-09-06,2016104,05  09  11  18  30  31  04,304391928,2  (皖 闽),72,
2016-09-04,2016103,01  05  13  19  24  27  11,334526552,13  (沪 闽 豫 鄂..),116,
2016-09-01,2016102,05  08  10  14  17  30  13,304528374,7  (蒙 赣 鄂 湘..),339,
2016-08-30,2016101,01  03  19  24  32  33  01,303829992,3  (沪 琼 滇),45,
2016-08-28,2016100,03  10  22  23  27  29  04,335027586,4  (津 赣 粤 贵),87,
2016-08-25,2016099,01  11  21  23  27  33  06,300016648,4  (苏 闽 赣 川),111,
2016-08-23,2016098,02  08  25  29  31  32  06,296350008,3  (湘 琼),63,
2016-08-21,2016097,06  13  25  26  28  31  01,327274678,9  (晋 赣 鲁 鄂..),101,
2016-08-18,2016096,06  13  14  21  22  24  16,296887214,5  (黑 闽 深圳 陕),110,
2016-08-16,2016095,01  05  09  12  18  32  12,297413702,7  (浙 闽 粤 深圳..),73,
2016-08-14,2016094,06  07  10  12  18  31  10,324311584,4  (皖 粤 深圳 陕),83,
2016-08-11,2016093,06  09  15  17  25  27  09,298416216,18  (京 津 晋 沪..),131,
2016-08-09,2016092,02  13  15  23  24  29  06,299992386,19  (京 蒙 辽 沪..),97,
2016-08-07,2016091,04  08  14  22  23  28  07,329710234,17  (京 冀 晋 沪..),226,
2016-08-04,2016090,02  13  17  20  21  26  07,294008068,23  (辽 苏 浙 皖..),164,
2016-07-28,2016087,02  03  10  11  14  21  12,288396896,3  (冀 鲁 琼),84,
2016-07-26,2016086,09  10  11  12  15  32  05,286788850,6  (辽 滇),62,
2016-07-24,2016085,01  12  19  20  21  25  16,319888112,7  (闽 鲁 鄂),245,
2016-07-21,2016084,02  04  12  18  24  26  05,288778286,5  (鲁 豫 湘 贵..),101,
2016-07-19,2016083,09  16  17  24  30  31  04,291921542,7  (京 冀 黑 苏..),99,
2016-07-17,2016082,06  12  14  15  17  20  09,323658370,10  (吉 苏 粤 桂..),89,
2016-07-14,2016081,02  06  15  25  30  32  07,288505018,3  (京 辽 新),73,
2016-07-12,2016080,01  16  17  24  25  32  14,288372472,4  (闽 豫 粤 贵),88,
2016-07-10,2016079,01  03  10  12  24  28  02,322821956,2  (沪),101,
2016-07-07,2016078,02  04  08  23  26  29  02,296681554,6  (黑 皖 闽 渝..),65,
2016-07-05,2016077,01  09  17  19  20  29  10,294629008,3  (沪 琼 甘),93,
2016-07-03,2016076,07  08  13  22  30  32  01,331977974,6  (津 辽 闽 豫..),112,
2016-06-30,2016075,01  03  06  16  29  32  07,295574016,0,65,
2016-06-28,2016074,06  10  11  12  20  25  12,297584738,62  (京 晋 辽 苏..),154,
2016-06-26,2016073,09  11  12  15  16  20  13,327032018,5  (皖 湘 粤 滇),80,
2016-06-23,2016072,05  16  19  22  24  25  02,290670126,2  (辽 皖),79,
2016-06-21,2016071,19  21  26  28  29  32  01,293734448,4  (苏 浙 闽 豫),83,
2016-06-19,2016070,03  06  11  18  23  29  01,326894102,7  (黑 湘 粤 桂..),264,
2016-06-12,2016067,09  13  18  20  27  31  04,327487486,5  (粤 琼 川),117,
2016-06-09,2016066,03  07  13  18  19  20  05,275334312,10  (京 沪 鲁 粤..),207,
2016-06-07,2016065,13  16  22  25  26  27  14,298326848,2  (鲁 鄂),87,
2016-06-05,2016064,03  12  14  17  19  26  03,332534594,11  (京 京 吉 吉..),116,
2016-06-02,2016063,16  17  18  23  28  32  07,304409952,0,83,
2016-05-31,2016062,12  13  15  18  19  21  09,305198008,2  (苏 川),116,
2016-05-29,2016061,05  06  08  18  20  32  08,340147518,21  (京 蒙 苏 浙..),127,
2016-05-26,2016060,04  05  22  26  29  32  08,320540202,15  (京 苏 浙 鄂..),47,
2016-05-24,2016059,04  11  12  20  25  28  15,322601954,9  (苏 皖 闽 鄂..),153,
2016-05-22,2016058,03  05  18  20  24  32  11,357296334,2  (沪 粤),130,
2016-05-19,2016057,07  12  19  22  23  26  11,325499780,11  (沪 苏 皖 鲁..),256,
2016-05-17,2016056,03  04  08  11  16  18  14,326490562,6  (京 冀 闽 粤..),180,
2016-05-15,2016055,05  06  10  16  22  26  11,350383284,11  (沪 赣 湘 桂..),232,
2016-05-12,2016054,06  11  16  19  28  32  04,324349586,8  (浙 鲁 湘 琼..),204,
2016-05-10,2016053,02  08  10  12  29  31  01,320149454,5  (黑 苏 赣 贵..),165,
2016-05-08,2016052,01  06  13  19  24  28  16,353216208,12  (晋 皖 豫 渝..),218,
2016-05-05,2016051,01  02  04  09  15  33  12,324257380,2  (冀 苏),58,
2016-05-03,2016050,09  12  24  28  29  30  02,308889140,4  (沪 浙 皖 豫),116,
2016-04-26,2016047,02  05  08  15  17  22  16,324937604,5  (鲁 深圳 贵 滇..),172,
2016-04-24,2016046,07  20  25  26  27  30  14,364459490,0,90,
2016-04-21,2016045,04  09  12  17  30  32  03,336323174,1  (豫),86,
2016-04-19,2016044,01  03  10  12  18  30  01,335979238,6  (冀 沪 鄂 粤..),147,
2016-04-17,2016043,05  14  20  26  30  33  12,364494720,6  (浙 赣 湘 粤..),88,
2016-04-14,2016042,07  14  17  23  26  31  09,334864386,11  (辽 黑 苏 皖..),129,
2016-04-12,2016041,12  17  18  21  22  24  04,330501352,3  (京 渝 滇),98,
2016-04-10,2016040,03  13  19  20  23  26  03,365246422,12  (吉 沪 浙 皖..),167,
2016-04-07,2016039,01  03  07  18  19  27  16,335090614,5  (晋 辽 浙 鲁..),189,
2016-04-05,2016038,03  12  13  22  28  29  03,325081790,4  (京 苏 湘 新),182,
2016-04-03,2016037,06  15  26  31  32  33  16,350165940,3  (沪 湘 新),97,
2016-03-31,2016036,03  04  07  09  20  22  03,348368584,2  (京 湘),116,
2016-03-29,2016035,04  13  19  20  26  29  11,343407218,11  (冀 晋 辽 浙..),187,
2016-03-27,2016034,03  15  21  22  23  28  15,380415644,1  (鄂),107,
2016-03-24,2016033,06  17  18  20  27  29  15,338637474,2  (粤 甘),119,
2016-03-22,2016032,08  12  14  15  21  27  15,339342300,5  (冀 浙 闽 湘..),154,
2016-03-20,2016031,03  08  10  19  26  33  03,385818800,13  (京 吉 黑 浙..),191,
2016-03-17,2016030,10  14  19  22  25  29  12,351985986,98  (京 津 冀 晋..),552,
2016-03-10,2016027,11  13  15  17  19  31  05,337818690,4  (沪 浙 豫 陕),213,
2016-03-08,2016026,04  09  12  28  30  33  01,329158276,0,77,
2016-03-06,2016025,04  11  12  17  24  30  12,379126514,19  (辽 吉 苏 浙..),420,
2016-03-03,2016024,02  05  07  14  18  31  13,344808140,9  (沪 苏 浙 皖..),157,
2016-03-01,2016023,03  06  10  19  25  29  07,337590682,14  (津 冀 黑 苏..),235,
2016-02-28,2016022,04  09  19  22  23  30  07,370206784,8  (吉 苏 皖 鄂..),163,
2016-02-25,2016021,09  11  13  22  24  26  05,330776764,5  (黑 沪 苏 贵..),172,
2016-02-23,2016020,01  02  10  12  22  24  10,317041006,3  (浙 鲁),109,
2016-02-21,2016019,06  13  16  17  23  30  10,354746834,51  (京 辽 吉 黑..),231,
2016-02-18,2016018,12  13  14  17  21  25  04,316712952,5  (浙 皖 鲁 川..),81,
2016-02-16,2016017,05  06  08  20  22  30  05,293890064,12  (蒙 苏 浙 赣..),189,
2016-02-14,2016016,01  20  22  24  25  26  16,316931514,5  (吉 黑 皖 滇),91,
2016-02-04,2016015,01  02  14  22  25  26  07,346224370,5  (冀 浙 粤 滇),87,
2016-02-02,2016014,02  08  10  18  20  27  07,321027466,45  (苏 浙 皖 豫..),113,
2016-01-31,2016013,07  12  21  22  26  31  01,370420948,3  (苏 鲁),100,
2016-01-28,2016012,07  12  14  16  27  32  15,336562836,2  (吉 黑),87,
2016-01-26,2016011,03  08  10  15  22  29  12,332990472,43  (辽 浙 豫 鄂..),232,
2016-01-24,2016010,02  04  12  14  19  25  06,359088730,14  (辽 鲁 川),121,
2013-12-15,2013147,02  15  16  17  19  30  08,400947352,18  (冀 黑 豫 粤..),132,
2013-12-12,2013146,08  20  25  30  32  33  01,404451866,4  (鲁 深圳 贵 陕),147,
2013-12-10,2013145,06  10  13  16  23  24  15,364933776,13  (冀 辽 黑 苏..),237,
2013-12-08,2013144,05  07  12  19  27  31  02,406764784,12  (蒙 辽 沪 苏..),308,
2013-12-05,2013143,12  18  21  22  27  32  11,364973022,8  (辽 沪 赣 鲁..),90,
2013-12-03,2013142,11  12  14  20  22  29  14,356100256,8  (京 津 冀 晋..),119,
2013-12-01,2013141,03  04  05  25  30  31  04,409703546,25  (京 津 冀 辽..),180,
2013-11-28,2013140,01  05  12  13  21  22  10,359556480,4  (黑 苏 滇 宁),125,
2013-11-26,2013139,07  08  11  13  21  27  08,372082440,25  (京 津 冀 辽..),184,
2013-11-24,2013138,04  15  16  24  27  28  03,402650432,10  (吉 黑 沪 浙..),161,
2013-11-21,2013137,04  17  19  23  24  27  10,379293130,27  (冀 辽 黑 沪..),420,
2013-11-19,2013136,04  06  14  16  18  26  06,369164734,12  (京 晋 蒙 皖..),139,
2013-11-17,2013135,09  23  24  25  29  31  12,406720240,5  (黑 浙 皖 鲁..),113,
2013-11-14,2013134,01  17  18  19  25  29  10,372289714,16  (蒙 黑 沪 苏..),118,
2013-11-12,2013133,04  07  12  19  22  25  01,361709328,12  (黑 苏 浙 鲁..),248,
2013-11-10,2013132,20  21  22  23  25  27  12,420848208,25  (苏 粤 桂 贵..),176,
2013-11-07,2013131,04  06  12  17  19  26  09,388319260,18  (京 冀 辽 黑..),130,
2013-11-05,2013130,01  03  15  16  31  33  08,385080972,12  (京 冀 晋 黑..),115,
2013-10-29,2013127,02  03  13  20  22  33  14,376726836,5  (津 浙 湘 粤),216,
2013-10-27,2013126,04  10  19  27  31  33  16,408866622,5  (冀 蒙 湘 粤..),155,
2013-10-24,2013125,04  06  08  18  25  28  16,372984566,8  (辽 闽 湘 粤..),308,
2013-10-22,2013124,03  09  15  23  25  30  07,347249642,8  (蒙 浙 皖 渝..),140,
2013-10-20,2013123,01  02  06  11  17  25  02,385822278,12  (沪 浙 鲁 豫..),109,
2013-10-17,2013122,07  10  13  15  26  27  11,345544080,10  (浙 闽 鲁 鄂..),173,
2013-10-15,2013121,04  05  06  07  25  27  07,337100116,5  (蒙 辽 赣 豫..),155,
2013-10-13,2013120,05  06  13  18  23  31  11,404684072,47  (京 冀 辽 吉..),447,
2013-10-10,2013119,05  15  20  22  26  32  09,357071040,9  (沪 苏 鲁 鄂..),83,
2013-10-08,2013118,02  03  17  22  32  33  16,343511272,6  (沪 苏 皖 粤..),93,
2013-10-06,2013117,09  12  13  24  27  33  16,368579726,19  (辽 沪 苏 皖..),232,
2013-10-03,2013116,12  15  21  26  32  33  07,312633700,2  (辽 苏),148,
2013-10-01,2013115,03  12  16  17  18  27  08,319974332,13  (京 冀 晋 鲁..),122,
2013-09-29,2013114,04  06  17  21  23  33  07,398506774,5  (黑 苏 豫 川..),97,
2013-09-26,2013113,04  07  11  17  24  33  09,353992568,7  (冀 辽 皖 深圳..),147,
2013-09-24,2013112,01  06  12  13  22  31  07,344881702,12  (浙 深圳 渝),77,
2013-09-22,2013111,01  02  03  06  08  33  13,401502238,22  (京 冀 蒙 黑..),252,
2013-09-19,2013110,15  17  18  21  29  32  13,341867256,4  (京 津 皖 粤),56,
2013-09-12,2013107,07  09  11  17  28  31  11,349907348,7  (京 辽 黑 湘..),120,
2013-09-10,2013106,09  11  23  30  31  32  06,344715810,4  (豫 粤 桂),77,
2013-09-08,2013105,01  11  23  27  31  32  09,380197404,5  (赣 鲁 鄂),70,
2013-09-05,2013104,01  02  04  15  17  28  11,339771188,4  (鲁 粤 滇 新),88,
2013-09-03,2013103,02  04  09  13  18  20  07,329389008,5  (京 赣 川 贵..),111,
2013-09-01,2013102,02  04  05  06  08  16  03,374113680,12  (冀 沪 浙 赣..),142,
2013-08-29,2013101,05  07  09  23  27  32  01,339246710,4  (豫 桂 川 藏),83,
2013-08-27,2013100,04  08  11  14  16  20  11,324850520,0,61,
2013-08-25,2013099,05  11  20  21  26  31  03,359490506,13  (冀 黑 浙 皖..),173,
2013-08-22,2013098,07  15  18  19  20  26  14,333979300,28  (冀 黑 苏 皖..),291,
2013-08-20,2013097,05  14  17  22  23  25  07,326153582,3  (晋 鄂 粤),152,
2013-08-18,2013096,01  02  22  28  29  30  15,364530978,9  (冀 浙 鲁 粤..),112,
2013-08-15,2013095,01  06  15  19  28  29  10,321839422,5  (蒙 皖 湘 渝..),144,
2013-08-13,2013094,02  04  14  18  20  22  07,320217972,11  (冀 辽 沪 苏..),113,
2013-08-11,2013093,01  02  08  26  29  31  14,345826922,2  (赣 鲁),111,
2013-08-08,2013092,07  11  15  21  26  31  06,311052518,8  (辽 黑 鄂 粤..),103,
2013-08-06,2013091,04  14  24  25  28  31  10,308670790,22  (苏 粤 贵 青),61,
2013-08-04,2013090,02  05  11  23  24  29  08,372773264,46  (京 津 苏 浙..),154,
2013-07-28,2013087,02  13  19  23  24  28  05,364306204,6  (沪 赣 湘 桂..),121,
2013-07-25,2013086,02  04  11  13  16  26  11,326453274,3  (浙 闽 赣),80,
2013-07-23,2013085,02  08  12  14  16  32  16,330145456,7  (晋 蒙 湘 粤..),135,
2013-07-21,2013084,05  07  09  11  20  21  03,373588034,10  (京 冀 黑 苏..),136,
2013-07-18,2013083,05  06  12  14  19  23  09,338036388,18  (晋 辽 沪 浙..),225,
2013-07-16,2013082,04  13  14  20  22  30  06,326611872,5  (京 蒙 赣 桂),178,
2013-07-14,2013081,01  04  10  13  21  31  13,359745012,4  (苏 浙 鄂 粤),122,
2013-07-11,2013080,10  11  12  23  28  32  16,327918824,5  (辽 浙 赣 豫),103,
2013-07-09,2013079,07  13  17  19  22  26  13,320512624,12  (蒙 吉 黑 浙..),102,
2013-07-07,2013078,03  05  17  18  26  27  15,355637236,8  (京 辽 浙 闽..),223,
2013-07-04,2013077,09  14  23  24  26  29  03,333114166,31  (京 津 冀 晋..),186,
2013-07-02,2013076,14  23  24  26  29  30  03,326689120,1  (辽),43,
2013-06-30,2013075,04  06  09  25  30  33  14,358276246,0,47,
2013-06-27,2013074,03  06  08  14  19  32  03,320654782,3  (黑 赣 桂),101,
2013-06-25,2013073,02  09  13  17  20  28  11,324559238,19  (京 晋 辽 浙..),185,
2013-06-23,2013072,02  08  11  14  19  33  09,351392580,2  (冀 粤),144,
2013-06-20,2013071,05  12  21  23  26  28  09,311914552,11  (冀 辽 沪 粤..),173,
2013-06-18,2013070,02  03  09  10  28  30  06,296577242,13  (京 吉 沪 闽..),152,
2013-06-11,2013067,01  04  09  15  22  30  06,309743864,16  (京 晋 沪 浙..),163,
2013-06-09,2013066,01  03  16  17  20  32  07,368087166,8  (京 晋 蒙 黑..),96,
2013-06-06,2013065,07  18  19  23  29  30  02,334460176,5  (辽 鲁 陕),165,
2013-06-04,2013064,01  09  13  22  25  32  12,328102052,5  (京 粤 桂 琼),72,
2013-06-02,2013063,10  15  18  20  23  31  12,354390256,3  (苏 赣 鲁),84,
2013-05-30,2013062,01  06  07  19  22  27  02,313979568,2  (晋 鄂),102,
2013-05-28,2013061,05  06  07  12  13  18  12,335064726,43  (京 冀 吉 沪..),830,
2013-05-26,2013060,05  07  10  13  19  20  15,368726696,8  (京 苏 浙 皖..),206,
2013-05-23,2013059,03  10  18  24  27  29  09,339381758,11  (沪 苏 浙 鲁..),134,
2013-05-21,2013058,08  11  17  21  23  24  05,338075776,13  (京 辽 浙 赣),243,
2013-05-19,2013057,13  16  19  23  26  28  05,367207180,6  (京 津 辽 豫..),146,
2013-05-16,2013056,03  12  25  26  28  29  16,330573576,5  (蒙 闽 赣 湘..),88,
2013-05-14,2013055,08  18  19  22  27  32  06,328924474,6  (晋 桂),97,
2013-05-12,2013054,03  04  08  14  21  28  14,367209526,14  (京 晋 皖 鲁..),202,
2013-05-09,2013053,03  12  13  22  30  33  14,327360018,5  (苏 闽 鄂 甘),132,
2013-05-07,2013052,06  07  14  21  22  24  13,320719928,8  (京 辽 黑 粤..),104,
2013-05-05,2013051,08  12  15  19  28  29  02,377856082,33  (津 蒙 沪 苏..),450,
2013-05-02,2013050,03  07  13  18  22  25  03,331969178,9  (蒙 沪 浙 鲁..),228,
2013-04-25,2013047,01  08  11  17  27  30  12,347274348,6  (鲁 豫 粤 陕..),116,
2013-04-23,2013046,03  16  19  20  24  26  06,352094234,7  (晋 辽 沪 浙..),95,
2013-04-21,2013045,06  07  08  14  23  31  12,389847482,7  (辽 鲁 深圳 桂..),138,
2013-04-18,2013044,03  05  11  18  26  28  06,355471956,12  (蒙 黑 沪 鄂..),337,
2013-04-16,2013043,03  06  14  15  17  25  16,358568922,16  (京 蒙 吉 黑..),247,
2013-04-14,2013042,01  08  12  13  15  33  03,396763590,7  (京 苏 闽 湘..),131,
2013-04-11,2013041,02  10  12  17  23  24  05,358260706,3  (苏 桂 新),295,
2013-04-09,2013040,02  04  10  12  17  30  10,352650578,11  (晋 辽 苏 皖..),125,
2013-04-07,2013039,01  02  14  15  24  29  06,390740078,7  (冀 辽 苏 浙..),94,
2013-04-04,2013038,09  10  12  14  15  19  11,328400842,5  (冀 吉 沪 浙..),95,
2013-04-02,2013037,02  15  18  27  28  32  14,350336028,6  (冀 黑 浙 闽..),157,
2013-03-31,2013036,04  05  09  27  29  31  13,393497514,9  (京 辽 苏 皖..),182,
2013-03-28,2013035,01  14  15  17  26  30  02,351498872,3  (浙 鄂 桂),78,
2013-03-26,2013034,06  15  20  22  26  33  09,339315898,8  (苏 闽 豫),83,
2013-03-24,2013033,05  06  13  17  19  28  01,397248028,44  (京 辽 苏 浙..),567,
2013-03-21,2013032,04  21  25  29  30  33  03,365616360,2  (津 苏),68,
2013-03-19,2013031,03  13  14  15  21  33  03,365951410,10  (蒙 浙 皖 鄂..),125,
2013-03-17,2013030,07  14  18  25  26  29  06,405193314,7  (津 蒙 吉 鲁..),140,
2013-03-10,2013027,01  02  04  12  21  24  12,401897672,11  (蒙 黑 沪 鄂..),126,
2013-03-07,2013026,04  11  14  15  22  31  11,357237076,4  (京 沪 赣 川),95,
2013-03-05,2013025,16  17  18  24  25  30  08,365053994,27  (京 辽 浙 赣..),126,
2013-03-03,2013024,04  05  13  23  27  30  09,397860528,17  (京 黑 皖 闽..),191,
2013-02-28,2013023,03  06  15  18  30  32  05,359844386,4  (皖 渝 贵 滇),145,
2013-02-26,2013022,02  04  07  09  15  20  07,349104140,6  (冀 蒙 赣 湘..),79,
2013-02-24,2013021,01  06  17  19  26  31  11,386291388,7  (津 冀 晋 蒙..),104,
2013-02-21,2013020,01  07  08  12  16  21  01,337611102,5  (黑 浙 鄂 湘),145,
2013-02-19,2013019,01  02  05  16  20  26  06,316958200,5  (冀 晋 蒙 辽..),93,
2013-02-17,2013018,02  08  13  28  29  30  05,364752666,10  (京 辽 苏 皖..),273,
2013-02-07,2013017,04  06  12  30  31  32  09,339247106,3  (冀 闽),93,
2013-02-05,2013016,02  05  06  12  14  28  05,327207104,12  (冀 吉 黑 沪..),99,
2013-02-03,2013015,05  06  07  11  13  18  15,377989410,3  (蒙 豫),158,
2013-01-31,2013014,02  04  05  17  19  20  08,348187310,20  (冀 辽 闽 豫..),235,
2013-01-29,2013013,05  06  13  19  22  28  09,351745408,19  (冀 辽 吉 苏..),259,
2013-01-27,2013012,06  14  17  22  28  29  02,389114476,3  (闽 粤 滇),144,
2013-01-24,2013011,03  12  17  24  27  29  09,350274074,11  (津 冀 晋 蒙..),113,
2013-01-22,2013010,01  09  11  17  32  33  12,347709230,5  (吉),74,
2013-01-15,2013007,02  09  15  22  26  32  01,341246158,2  (粤 新),148,
2013-01-13,2013006,09  10  13  17  22  30  13,374366198,8  (冀 晋 蒙 浙..),178,
2013-01-10,2013005,01  13  14  25  31  32  12,339352226,11  (冀 晋 蒙 苏..),117,
2013-01-08,2013004,06  10  16  20  27  32  08,337097616,17  (津 蒙 辽 黑..),152,
2013-01-06,2013003,22  23  26  27  28  33  09,367773688,4  (赣 鄂 川 青),90,
2013-01-03,2013002,01  16  18  22  28  30  12,303822912,4  (辽 浙 闽 陕),63,
2013-01-01,2013001,06  08  14  15  24  25  06,309153922,20  (冀 晋 沪 苏..),271,
2012-12-30,2012154,05  07  12  16  28  32  04,349475260,5  (京 皖 赣 粤..),137,
2012-12-27,2012153,04  05  11  21  27  28  10,315610858,14  (京 晋 沪 苏..),167,
2012-12-25,2012152,10  12  18  22  28  29  07,327454924,36  (蒙 皖 赣 鲁..),220,
2012-12-23,2012151,05  14  24  25  26  32  01,362492002,8  (冀 晋 沪 苏..),109,
2012-12-20,2012150,09  11  17  23  24  26  07,325835512,4  (黑 苏 豫 湘),92,
2012-12-18,2012149,01  05  13  25  26  32  13,314338172,2  (浙 滇),116,
2012-12-16,2012148,03  06  11  17  21  31  07,373006912,64  (京 津 冀 晋..),1293,
2012-12-13,2012147,02  12  15  23  24  32  09,330613366,8  (京 冀 赣 湘..),170,
2012-12-11,2012146,01  05  07  13  29  32  13,320313400,5  (辽 皖 粤 川),107,
2012-12-09,2012145,05  20  26  27  28  33  03,349657358,5  (鲁 湘 粤 桂..),112,
2012-12-06,2012144,03  10  12  13  27  30  04,326127870,25  (蒙 辽 沪 苏..),125,
2012-11-29,2012141,03  05  08  19  20  27  09,331745670,27  (津 冀 晋 辽..),211,
2012-11-27,2012140,14  18  27  30  31  33  15,328890054,9  (京 冀 黑 浙..),188,
2012-11-25,2012139,08  19  21  24  28  31  15,359675456,6  (辽 吉 苏 鲁..),62,
2012-11-22,2012138,01  07  16  17  19  21  14,322213636,4  (苏 鲁 鄂 川),109,
2012-11-20,2012137,01  02  04  06  13  17  07,323374784,6  (冀 陕 新),34,
2012-11-18,2012136,02  07  08  17  21  28  11,370704246,37  (京 辽 吉 黑..),155,
2012-11-15,2012135,02  05  07  08  11  17  16,334488518,5  (滇),96,
2012-11-13,2012134,02  05  06  07  13  23  15,331006688,1  (黑),84,
2012-11-11,2012133,01  08  11  20  21  29  02,364736358,9  (津 晋 浙 闽..),210,
2012-11-08,2012132,07  12  16  17  21  25  10,332827106,11  (辽 黑 沪 皖..),92,
2012-11-06,2012131,06  18  19  26  28  32  12,334407788,21  (京 吉 黑 浙..),207,
2012-11-04,2012130,01  03  15  20  22  31  03,355629806,3  (沪 粤 琼),59,
2012-11-01,2012129,01  07  09  17  21  29  01,331737426,2  (沪 浙),92,
2012-10-30,2012128,05  09  12  29  30  31  05,322643800,9  (吉 苏 浙 鄂..),135,
2012-10-28,2012127,01  09  11  21  26  32  08,373363120,9  (京 蒙 苏 浙..),95,
2012-10-25,2012126,03  05  12  15  23  24  07,336798500,15  (蒙 沪 苏 浙..),169,
2012-10-23,2012125,08  12  13  26  29  33  01,337488334,20  (冀 蒙 闽 湘..),244,
2012-10-21,2012124,06  07  21  25  27  33  11,369201172,5  (蒙 浙 粤 甘),158,
2012-10-14,2012121,01  07  08  20  23  24  11,355530542,6  (辽 浙 赣 鄂..),124,
2012-10-11,2012120,01  04  20  24  28  29  16,311866338,2  (浙),77,
2012-10-09,2012119,12  20  25  26  27  28  13,321919326,50  (京 冀 晋 蒙..),85,
2012-10-07,2012118,05  06  07  12  15  28  11,352094796,12  (冀 辽 吉 黑..),166,
2012-10-04,2012117,13  15  18  20  24  28  09,285909300,8  (津 冀 辽 浙..),108,
2012-10-02,2012116,03  21  26  29  31  32  03,270974690,3  (京 黑 粤),44,
2012-09-30,2012115,03  08  20  24  26  32  14,330478202,7  (京 吉 浙 鲁..),86,
2012-09-27,2012114,01  06  11  26  27  29  15,323638620,3  (苏 粤 新),115,
2012-09-25,2012113,03  06  09  13  18  32  06,321721194,13  (京 晋 辽 沪..),162,
2012-09-23,2012112,08  15  20  21  27  31  06,365453898,34  (冀 晋 蒙 辽..),203,
2012-09-20,2012111,02  09  10  20  22  31  13,334284550,3  (京 皖),127,
2012-09-18,2012110,03  07  10  13  22  32  09,327652012,16  (京 闽 豫 鄂..),218,
2012-09-16,2012109,02  12  24  26  29  31  03,366377520,6  (浙 川 滇 陕),93,
2012-09-13,2012108,01  09  12  13  19  28  13,329301702,8  (辽 沪 苏 豫..),139,
2012-09-11,2012107,11  12  15  24  25  31  09,325537564,13  (蒙 黑 沪 苏..),127,
2012-09-09,2012106,13  14  20  22  23  32  16,368837242,7  (冀 浙 闽 赣..),72,
2012-09-06,2012105,06  13  14  15  17  30  04,332112822,8  (辽 苏 浙 赣..),110,
2012-09-04,2012104,04  05  09  10  19  28  03,326123048,20  (京 蒙 辽 浙..),176,
2012-08-28,2012101,09  12  17  18  20  33  02,332762926,4  (浙 鲁 甘),61,
2012-08-26,2012100,05  07  15  18  25  33  10,365221470,7  (皖 鲁 粤 桂..),150,
2012-08-23,2012099,08  12  15  16  21  27  16,334215270,8  (沪 苏 浙 鄂..),137,
2012-08-21,2012098,02  12  19  26  29  31  09,328680072,12  (浙 豫 粤 深圳..),107,
2012-08-19,2012097,05  08  13  14  19  22  06,362228722,14  (京 沪 皖 豫..),240,
2012-08-16,2012096,04  07  11  16  29  33  07,324279054,11  (京 冀 吉 浙..),124,
2012-08-14,2012095,17  24  27  28  29  30  02,324870412,3  (蒙 黑 新),92,
2012-08-12,2012094,06  09  14  16  23  33  15,360208214,3  (蒙 粤 渝),120,
2012-08-09,2012093,03  05  19  21  24  33  13,324000944,5  (浙 鲁 豫 粤..),68,
2012-08-07,2012092,06  13  17  18  28  32  03,323643554,10  (京 冀 黑 沪..),218,
2012-08-05,2012091,01  05  07  08  19  21  16,363226218,7  (京 黑 沪 浙..),198,
2012-08-02,2012090,02  13  20  25  29  30  11,329354360,8  (京 吉 浙 鲁..),67,
2012-07-31,2012089,03  07  10  13  14  25  11,323395064,11  (京 晋 闽 粤..),111,
2012-07-29,2012088,03  05  23  24  27  31  15,363501734,6  (吉 闽 鄂 深圳..),122,
2012-07-26,2012087,03  10  11  13  14  22  09,333397892,5  (蒙 辽 鲁 滇..),125,
2012-07-24,2012086,08  09  13  15  22  23  08,329772984,14  (京 晋 黑 浙..),209,
2012-07-22,2012085,05  17  24  30  31  33  05,365440332,9  (蒙 辽 沪 浙..),108,
2012-07-19,2012084,02  10  20  26  28  29  14,340543862,6  (辽 黑 皖 鲁..),100,
2012-07-12,2012081,02  05  10  24  25  29  06,335807634,22  (冀 辽 吉 苏..),232,
2012-07-10,2012080,04  09  14  15  16  27  03,333462942,17  (冀 黑 浙 闽..),181,
2012-07-08,2012079,06  07  12  24  30  33  12,373462380,4  (豫 粤 桂 渝),127,
2012-07-05,2012078,08  15  22  24  28  33  12,339534852,6  (冀 浙 赣 鄂..),90,
2012-07-03,2012077,02  04  13  18  26  28  12,337698126,5  (京 津 冀 粤..),79,
2012-07-01,2012076,11  18  22  27  29  30  15,379484266,3  (沪 粤 青),81,
2012-06-28,2012075,04  06  22  23  29  32  11,351962062,23  (吉 鲁 粤 琼),77,
2012-06-26,2012074,15  16  18  19  28  32  08,354427342,5  (津 沪 浙 深圳..),70,
2012-06-24,2012073,04  07  09  10  17  27  05,383664428,8  (京 黑 浙 桂..),169,
2012-06-21,2012072,02  03  07  09  13  30  06,349310588,2  (闽 粤),96,
2012-06-19,2012071,03  04  19  21  22  23  08,359591294,8  (沪 苏 皖 赣..),104,
2012-06-17,2012070,02  03  04  24  31  32  11,403726842,10  (晋 辽 浙 皖..),121,
2012-06-14,2012069,08  10  11  18  20  29  06,363763394,19  (吉 浙 赣 深圳..),250,
2012-06-12,2012068,05  17  22  26  32  33  10,379754544,117  (京 辽 苏 湘..),120,
2012-06-10,2012067,04  05  10  21  26  30  16,415404644,10  (辽 苏 皖 赣..),181,
2012-06-07,2012066,01  02  09  26  29  33  12,389067662,7  (京 辽 闽),158,
2012-06-05,2012065,08  10  18  19  27  31  14,396002414,16  (京 晋 辽 沪..),152,
2012-06-03,2012064,05  10  11  16  23  24  11,444563890,12  (京 吉 黑 沪..),135,
2012-05-27,2012061,03  08  11  12  14  18  14,451440342,5  (吉 黑 豫 湘..),136,
2012-05-24,2012060,07  10  13  16  17  29  01,394479944,1  (冀),155,
2012-05-22,2012059,04  13  21  22  26  31  01,389786618,6  (冀 苏 闽 粤),205,
2012-05-20,2012058,03  06  15  20  25  26  04,416752864,4  (京 黑 沪),204,
2012-05-17,2012057,03  05  19  21  27  31  04,367753954,3  (蒙 皖 滇),143,
2012-05-15,2012056,04  07  14  17  26  31  10,363402618,11  (京 冀 黑 苏..),193,
2012-05-13,2012055,04  06  13  20  24  28  01,396120110,4  (晋 苏 桂 渝),110,
2012-05-10,2012054,06  14  18  20  30  33  14,356190234,5  (浙 鲁 粤 川..),64,
2012-05-08,2012053,04  15  22  25  27  33  04,342378036,1  (黑),140,
2012-05-06,2012052,02  03  05  06  20  24  04,383696656,5  (京 苏 渝),104,
2012-05-03,2012051,02  12  14  17  30  31  09,340256786,5  (蒙 沪 苏 桂..),116,
2012-05-01,2012050,07  13  15  17  19  24  11,319513602,6  (京 闽 鄂 桂),98,
2012-04-29,2012049,04  12  13  19  20  32  02,370994838,6  (晋 黑 深圳 桂..),95,
2012-04-26,2012048,01  05  14  22  24  30  10,352087342,7  (冀 辽 吉 沪..),86,
2012-04-24,2012047,06  07  11  16  32  33  11,346381150,6  (京 辽 浙 粤..),85,
2012-04-22,2012046,04  12  19  20  23  33  06,391900112,10  (黑 浙 皖 粤..),209,
2012-04-19,2012045,08  11  20  21  27  30  09,356502588,7  (黑 沪 苏 豫..),165,
2012-04-17,2012044,06  09  10  14  22  25  03,356462184,7  (蒙 滇 陕),123,
2012-04-10,2012041,08  11  15  20  24  32  02,356306648,6  (京 辽 浙 粤..),77,
2012-04-08,2012040,03  08  09  22  25  31  10,391299304,18  (辽 吉 皖 赣..),211,
2012-04-05,2012039,01  02  05  13  22  29  08,343264490,5  (皖 闽 粤 陕..),68,
2012-04-03,2012038,09  10  11  15  19  33  16,323004056,4  (津 赣 鲁 粤),102,
2012-04-01,2012037,05  14  19  24  28  33  09,393044730,4  (沪 鲁 粤 川),165,
2012-03-29,2012036,02  11  13  18  19  26  09,360667728,12  (苏 浙 皖 赣..),110,
2012-03-27,2012035,09  11  12  21  24  26  05,358931126,16  (冀 苏 浙 闽..),132,
2012-03-25,2012034,02  03  08  23  32  33  16,399671360,5  (黑 苏 浙 湘..),140,
2012-03-22,2012033,02  03  15  16  17  27  04,367684820,15  (京 冀 辽 黑..),388,
2012-03-20,2012032,01  02  10  17  22  24  04,364723646,2  (辽 滇),50,
2012-03-18,2012031,04  16  22  24  27  31  03,405489418,4  (苏 豫 鄂 陕),108,
2012-03-15,2012030,09  10  17  18  21  31  08,360021696,9  (津 蒙 浙 粤..),133,
2012-03-13,2012029,04  07  15  25  26  28  03,363574384,4  (鲁 豫 粤 贵),135,
2012-03-11,2012028,10  15  20  21  28  30  11,408320996,6  (吉 沪 浙 豫..),142,
2012-03-08,2012027,04  16  22  25  30  31  12,367033234,1  (浙),72,
2012-03-06,2012026,03  07  09  15  24  25  16,364748574,2  (黑 粤),107,
2012-03-04,2012025,03  08  09  17  25  27  06,403316356,12  (京 晋 辽 黑..),226,
2012-03-01,2012024,04  12  19  21  25  28  13,364173592,24  (晋 蒙 辽 黑..),289,
2012-02-23,2012021,01  15  16  18  22  30  03,367729098,3  (鲁 深圳 川),45,
2012-02-21,2012020,03  08  12  18  23  29  11,363324150,19  (京 冀 黑 沪..),354,
2012-02-19,2012019,07  14  18  20  22  30  16,400412500,7  (黑 浙 赣 鲁..),130,
2012-02-16,2012018,03  05  06  22  26  32  15,361743346,4  (京 冀 辽 深圳),78,
2012-02-14,2012017,06  09  14  19  25  28  10,360962760,26  (京 辽 沪 浙..),237,
2012-02-12,2012016,02  05  12  17  22  25  08,391806944,16  (京 津 黑 苏..),278,
2012-02-09,2012015,01  03  06  10  21  23  15,344966404,3  (冀 沪 鲁),77,
2012-02-07,2012014,01  02  05  16  28  30  12,332394836,59  (冀 苏 鲁 鄂..),112,
2012-02-05,2012013,06  08  24  29  30  32  13,382213084,10  (冀 苏 鲁 鄂..),164,
2012-02-02,2012012,15  17  18  20  23  27  01,330682334,2  (滇 青),75,
2012-01-31,2012011,04  14  15  16  20  26  05,322471622,15  (京 辽 沪 苏..),212,
2012-01-29,2012010,01  03  13  19  25  26  10,350707306,4  (辽 苏 皖 粤),112,
2012-01-19,2012009,04  16  24  26  27  33  11,371864904,7  (蒙 吉 苏 粤..),76,
2012-01-17,2012008,01  12  20  23  24  29  08,349794196,5  (京 浙 深圳 新),108,
2012-01-15,2012007,10  17  19  27  28  32  04,386798560,5  (辽 浙 赣 川..),88,
2012-01-12,2012006,02  22  25  29  32  33  08,365269490,17  (沪 苏 闽 鲁..),127,
2012-01-10,2012005,07  09  18  27  31  33  06,373157878,7  (冀 沪 赣 鲁..),102,
2012-01-08,2012004,01  05  10  11  21  23  16,422246096,4  (京 辽 苏 赣),153,
2012-01-01,2012001,01  04  05  09  15  17  06,433902388,6  (京 辽 吉 鄂..),110,
2011-12-29,2011153,05  08  09  10  20  25  13,403874136,16  (辽 赣 豫 粤),282,
2011-12-27,2011152,04  10  11  12  21  26  13,394544922,7  (京 苏 皖 湘..),285,
2011-12-25,2011151,07  11  16  19  31  33  10,428101842,6  (冀 沪 浙 闽..),190,
2011-12-22,2011150,08  10  12  15  22  27  13,385439474,8  (京 辽 沪 鄂..),215,
2011-12-20,2011149,04  05  06  07  23  31  16,365612730,1  (津),225,
2011-12-18,2011148,05  14  22  23  25  26  14,403588782,6  (冀 辽 浙 皖..),105,
2011-12-15,2011147,04  08  12  17  18  30  10,369715120,16  (京 冀 苏 赣..),275,
2011-12-13,2011146,11  23  26  28  32  33  10,367466864,5  (沪 苏 浙 鲁..),163,
2011-12-11,2011145,02  04  14  15  26  30  04,399835362,11  (辽 苏 浙 闽..),249,
2011-12-08,2011144,01  02  09  10  16  24  03,365097322,7  (冀 沪 鲁 豫..),78,
2011-12-06,2011143,07  08  12  14  15  30  16,359074808,4  (蒙 湘 粤),90,
2011-12-04,2011142,12  15  16  26  29  31  02,395266644,3  (沪 浙 滇),83,
2011-12-01,2011141,02  04  06  19  24  29  11,353185652,9  (晋 沪 苏 赣..),192,
2011-11-29,2011140,04  18  20  22  27  29  06,349582200,5  (冀 苏 浙 川),53,
2011-11-27,2011139,08  20  24  27  30  31  03,387797344,6  (冀 辽 浙 桂..),72,
2011-11-24,2011138,01  05  15  24  28  32  07,348154674,7  (辽 浙 豫 湘..),252,
2011-11-22,2011137,02  11  18  23  30  33  13,340607254,5  (黑 浙 湘 桂),128,
2011-11-15,2011134,01  02  06  07  30  31  10,337761116,12  (辽 浙 湘 粤..),84,
2011-11-13,2011133,12  14  20  21  25  31  16,376474284,7  (沪 浙 粤 深圳..),75,
2011-11-10,2011132,02  05  12  13  25  33  07,340242582,10  (冀 苏 粤 滇),138,
2011-11-08,2011131,02  07  09  17  21  25  01,329212830,5  (沪 鲁 陕 宁),131,
2011-11-06,2011130,07  14  18  23  25  32  15,368707538,3  (冀 辽 粤),86,
2011-11-03,2011129,07  10  11  21  23  26  06,336342794,8  (沪 苏 浙 赣..),120,
2011-11-01,2011128,09  11  14  17  19  23  12,330310278,7  (辽 皖 闽 鄂..),109,
2011-10-30,2011127,16  19  22  23  27  29  11,366718126,8  (冀 蒙 沪 皖..),93,
2011-10-27,2011126,03  07  13  18  23  26  16,329809254,2  (沪 深圳),198,
2011-10-25,2011125,03  10  15  24  27  32  08,322501850,10  (京 蒙 辽 浙..),117,
2011-10-23,2011124,09  18  19  26  31  32  16,356985192,7  (辽 苏 浙 赣..),123,
2011-10-20,2011123,01  04  05  14  19  28  16,329433846,3  (辽 鲁 新),155,
2011-10-18,2011122,10  12  18  26  27  31  03,307852112,7  (京 浙 皖 鄂..),142,
2011-10-16,2011121,04  14  22  25  32  33  02,342602202,2  (津 川),39,
2011-10-13,2011120,04  14  17  28  30  33  07,307300204,11  (沪 浙 皖 闽..),107,
2011-10-11,2011119,09  12  14  19  28  32  01,310270074,3  (冀 黑 鲁),81,
2011-10-09,2011118,05  06  11  14  20  21  10,346558714,6  (冀 沪 浙 鲁..),163,
2011-10-06,2011117,08  10  19  26  28  30  04,284670324,3  (黑 鲁 鄂),180,
2011-09-29,2011114,01  14  15  16  30  32  09,297745236,6  (辽 浙 鲁 豫..),75,
2011-09-27,2011113,06  10  11  25  32  33  05,301463604,4  (京 赣 湘 粤),84,
2011-09-25,2011112,03  05  16  18  23  24  15,335373070,4  (苏 豫 粤 琼),194,
2011-09-22,2011111,01  03  05  20  25  27  04,301379048,5  (沪 闽 豫 湘..),76,
2011-09-20,2011110,12  14  21  26  28  33  12,291747572,1  (桂),46,
2011-09-18,2011109,01  03  09  15  16  33  15,319837948,5  (辽 浙 鄂 深圳),92,
2011-09-15,2011108,02  17  22  26  29  33  10,282794584,4  (辽 鲁 陕),72,
2011-09-13,2011107,04  09  16  17  22  29  15,287460888,36  (京 辽 苏 浙..),428,
2011-09-11,2011106,02  11  12  14  24  32  14,313930786,5  (冀 苏 赣 深圳),118,
2011-09-08,2011105,04  06  23  25  27  28  01,292666602,6  (黑 鲁 粤),163,
2011-09-06,2011104,09  10  16  20  25  29  09,300386562,24  (京 沪 苏 闽..),193,
2011-09-04,2011103,04  05  10  13  15  16  12,334043508,8  (黑 浙 闽 鲁..),77,
2011-09-01,2011102,01  05  13  21  27  31  11,303886824,12  (津 冀 蒙 辽..),116,
2011-08-30,2011101,06  10  19  23  29  31  06,295906364,5  (津 苏 闽 粤),100,
2011-08-28,2011100,07  11  21  23  31  32  05,323046340,5  (晋 浙 皖 鲁),138,
2011-08-25,2011099,10  12  13  21  26  27  14,287051218,3  (京 辽 黑),61,
2011-08-23,2011098,03  07  20  21  22  32  05,283485974,2  (鲁 宁),51,
2011-08-21,2011097,09  17  19  20  21  26  16,323418670,19  (京 苏 浙 桂),108,
2011-08-14,2011094,09  11  12  17  18  19  05,329858052,14  (京 冀 辽 黑..),124,
2011-08-11,2011093,04  07  11  13  23  30  09,300330150,16  (京 冀 赣 鲁..),112,
2011-08-09,2011092,05  10  17  26  31  32  04,296160020,4  (辽 豫 湘 川),107,
2011-08-07,2011091,09  15  21  23  28  30  03,330377834,4  (豫 鄂 粤 桂),81,
2011-08-04,2011090,02  05  14  18  21  25  16,302158754,2  (浙 甘),76,
2011-08-02,2011089,01  02  11  24  29  30  12,299010020,11  (冀 吉 黑 浙..),96,
2011-07-31,2011088,03  09  17  20  21  29  04,327675114,8  (浙 鲁 渝),154,
2011-07-28,2011087,02  03  04  05  18  28  01,296896504,10  (京 沪 闽 鄂..),119,
2011-07-26,2011086,06  07  09  12  17  24  09,334074814,113  (浙 皖 闽 粤),110,
2011-07-24,2011085,03  06  11  21  24  31  10,371696466,10  (黑 沪 鲁 粤..),221,
2011-07-21,2011084,09  10  12  16  18  32  15,348473896,5  (豫 鄂 湘 粤..),68,
2011-07-19,2011083,07  16  18  24  28  29  06,346077740,7  (赣 豫 粤 川..),95,
2011-07-17,2011082,07  16  17  20  25  26  04,388800864,16  (冀 蒙 吉 浙..),179,
2011-07-14,2011081,06  14  19  23  25  32  12,347690264,4  (京 皖 琼 甘),128,
2011-07-12,2011080,02  07  09  25  31  32  09,348447154,10  (京 黑 浙 粤),77,
2011-07-10,2011079,03  14  15  16  24  29  05,391447400,5  (闽 鲁 鄂 粤),81,
2011-07-07,2011078,03  05  13  20  22  29  09,365761038,13  (京 黑 苏 皖..),101,
2011-07-05,2011077,01  07  08  15  26  29  10,366916974,10  (京 冀 晋 辽..),131,
2011-06-28,2011074,02  21  26  28  29  32  01,344333482,6  (蒙 辽 苏 赣..),29,
2011-06-26,2011073,03  04  05  12  17  21  14,362922526,7  (黑 苏 皖 闽..),127,
2011-06-23,2011072,01  06  10  11  18  27  12,313897806,6  (京 吉 沪 鲁..),107,
2011-06-21,2011071,01  02  15  22  28  30  02,310534104,3  (沪 浙 渝),57,
2011-06-19,2011070,01  03  05  12  21  28  12,342264942,7  (津 辽 吉 鲁..),219,
2011-06-16,2011069,02  13  16  18  24  30  12,308628372,5  (晋 蒙 赣 渝..),105,
2011-06-14,2011068,03  07  10  15  19  24  10,296012586,6  (浙 鄂 湘 陕),148,
2011-06-12,2011067,17  19  20  24  25  27  12,321776484,3  (沪 浙 豫),69,
2011-06-09,2011066,04  06  14  17  30  32  12,284641290,3  (京 苏 鄂),52,
2011-06-07,2011065,04  16  23  25  27  29  03,276483886,1  (粤),59,
2011-06-05,2011064,03  06  07  29  30  33  02,308305132,6  (冀 晋 豫 粤..),117,
2011-06-02,2011063,04  06  13  15  18  19  05,286784814,7  (苏 鲁 粤 深圳..),60,
2011-05-31,2011062,04  08  09  10  29  30  03,292576106,12  (京 吉 苏 浙..),162,
2011-05-29,2011061,02  03  08  13  19  21  03,329490066,20  (辽 吉 沪 苏..),116,
2011-05-26,2011060,10  11  13  21  27  31  01,294946664,4  (闽 川 贵 新),81,
2011-05-24,2011059,24  26  27  29  31  33  16,297661236,6  (湘 粤),92,
2011-05-22,2011058,07  18  22  30  32  33  06,321880622,8  (晋 苏 浙 闽..),83,
2011-05-19,2011057,04  06  20  21  26  33  02,293874448,2  (冀 苏),57,
2011-05-12,2011054,08  11  16  17  22  33  08,290127160,3  (辽 鄂 渝),94,
2011-05-10,2011053,03  06  10  12  22  30  15,282819042,3  (浙 赣),216,
2011-05-08,2011052,04  05  08  19  27  28  08,314222356,9  (京 津 皖 赣..),201,
2011-05-05,2011051,01  07  11  14  15  16  14,289337386,5  (京 津 浙 鄂),65,
2011-05-03,2011050,04  05  19  22  28  29  15,276013398,6  (冀 蒙 苏 浙..),141,
2011-05-01,2011049,01  11  17  18  27  31  14,298097446,2  (京 渝),188,
2011-04-28,2011048,10  14  18  25  26  27  15,280257800,0,65,
2011-04-26,2011047,04  13  23  25  27  33  14,278338352,3  (鄂 川),78,
2011-04-24,2011046,09  17  18  26  29  30  08,322849314,15  (京 津 晋 浙..),241,
2011-04-21,2011045,02  16  17  20  26  32  08,296409720,13  (京 晋 苏 浙..),69,
2011-04-19,2011044,03  14  16  26  27  31  09,289688506,9  (京 冀 黑 苏..),144,
2011-04-17,2011043,04  13  14  17  25  31  04,358996258,75  (京 津 冀 辽..),259,
2011-04-14,2011042,05  13  15  17  19  21  15,321302904,6  (沪 鲁 湘 粤..),107,
2011-04-12,2011041,04  10  12  13  30  32  13,308500156,3  (京 沪 赣),93,
2011-04-10,2011040,05  11  14  24  26  28  13,345011574,5  (闽 鲁),77,
2011-04-07,2011039,03  07  10  16  24  29  13,311094814,6  (晋 辽 鲁 豫..),188,
2011-04-05,2011038,02  14  15  19  23  24  12,289140916,3  (黑 闽 赣),92,
2011-04-03,2011037,01  03  04  06  17  25  11,330231608,10  (蒙 黑 鲁 粤..),106,
2011-03-27,2011034,13  14  17  19  24  31  08,345909126,7  (京 浙 粤 滇),44,
2011-03-24,2011033,02  08  12  13  19  29  04,307522678,8  (苏 闽 湘 粤..),212,
2011-03-22,2011032,03  05  07  13  14  15  15,302968920,13  (晋 蒙 苏 皖..),230,
2011-03-20,2011031,16  17  24  28  29  32  12,336612714,1  (鲁),52,
2011-03-17,2011030,02  09  19  24  25  33  10,304099208,20  (京 晋 辽 苏..),145,
2011-03-15,2011029,01  04  09  10  20  31  07,298361906,7  (京 苏 皖 闽..),98,
2011-03-13,2011028,01  04  05  14  16  17  01,341754088,6  (辽 浙 粤 新),148,
2011-03-10,2011027,13  18  21  22  25  26  01,304417422,5  (京 辽 鲁 深圳..),105,
2011-03-08,2011026,07  08  17  19  21  26  12,301792690,10  (京 冀 沪 苏..),296,
2011-03-06,2011025,08  25  26  31  32  33  09,335345846,4  (蒙 苏 皖 赣),80,
2011-03-03,2011024,05  07  10  19  26  31  14,293532026,8  (京 浙 豫 贵),194,
2011-03-01,2011023,02  03  06  21  22  25  05,280592202,3  (津 吉 湘),71,
2011-02-27,2011022,02  07  14  16  17  21  05,317202954,9  (京 冀 沪 豫..),51,
2011-02-24,2011021,01  02  14  18  25  31  08,287463484,9  (冀 晋 苏 豫..),226,
2011-02-22,2011020,12  16  17  19  24  30  05,278341148,5  (冀 浙 皖 粤..),51,
2011-02-20,2011019,02  04  12  19  32  33  16,309122016,3  (辽 苏 琼),51,
2011-02-17,2011018,13  15  18  28  30  33  01,273159286,7  (京 津 黑 鲁..),98,
2011-02-15,2011017,02  06  15  23  26  33  08,258279824,2  (京 豫),141,
2011-02-01,2011014,05  07  10  11  23  26  16,264496608,7  (鲁 粤 琼),156,
2011-01-30,2011013,01  03  13  16  21  22  08,288823754,8  (黑 苏 浙 赣..),41,
2011-01-27,2011012,07  08  11  13  15  26  13,260393668,4  (蒙 辽 黑 闽),124,
2011-01-25,2011011,01  12  18  19  21  24  10,255418250,10  (黑 沪 苏 浙..),73,
2011-01-23,2011010,01  04  05  09  15  19  13,286472328,9  (京 冀 黑 豫..),118,
2011-01-20,2011009,17  18  23  24  25  26  04,264626108,3  (冀 浙 粤),90,
2011-01-18,2011008,10  12  13  17  24  31  15,259069374,3  (蒙 苏 鄂),50,
2011-01-16,2011007,01  09  17  24  26  31  05,292948810,6  (浙 皖 渝),96,
2011-01-13,2011006,01  03  05  13  16  18  05,265273552,2  (浙 粤),95,
2011-01-11,2011005,06  09  12  14  20  22  13,258389670,1  (冀),109,
2011-01-09,2011004,04  06  08  10  13  26  05,283728968,2  (浙 湘),119,
2011-01-06,2011003,13  14  21  22  23  27  04,272943652,14  (辽 吉 黑 沪..),50,
2011-01-04,2011002,06  08  12  17  28  33  05,270533954,7  (京 沪 鲁 豫..),102,
2011-01-02,2011001,03  09  20  24  26  32  10,290720992,9  (京 辽 浙 粤..),76,
2010-12-30,2010153,03  06  12  19  30  31  13,287732956,15  (冀 晋 辽 沪..),124,
2010-12-28,2010152,04  09  17  21  25  31  01,283747722,11  (冀 吉 沪 浙..),244,
2010-12-26,2010151,02  13  14  17  19  26  14,315507700,6  (京 津 蒙 苏..),99,
2010-12-23,2010150,02  17  18  23  29  30  06,287200078,12  (晋 辽 浙 鲁..),104,
2003-10-09,2003066,03  07  08  20  24  32  14,45124280,0,0,
2003-10-05,2003065,06  15  16  17  30  33  11,41948818,0,0,
2003-10-02,2003064,04  06  08  12  15  30  01,40925392,0,0,
2003-09-28,2003063,05  08  09  14  21  33  11,45643734,0,0,
2003-09-25,2003062,01  06  12  19  20  32  14,40972030,0,0,
2003-09-21,2003061,03  05  20  21  28  32  02,38065358,0,0,
2003-09-18,2003060,02  04  06  17  21  28  11,35595266,0,0,
2003-09-14,2003059,02  03  05  06  18  30  04,33611668,0,0,
2003-09-11,2003058,09  11  16  28  32  33  02,31985104,0,0,
2003-09-07,2003057,18  19  24  25  30  31  16,32781224,0,0,
2003-09-04,2003056,08  17  21  26  28  29  07,32664536,0,0,
2003-08-31,2003055,06  13  16  21  28  31  16,29508178,0,0,
2003-08-28,2003054,02  05  09  21  31  33  12,29449334,0,0,
2003-08-24,2003053,15  19  20  21  28  29  13,29854724,0,0,
2003-08-21,2003052,01  12  13  23  30  31  11,28371758,0,0,
2003-08-17,2003051,04  13  15  17  24  27  01,24831800,0,0,
2003-08-14,2003050,02  08  17  23  24  26  13,28450710,0,0,
2003-08-10,2003049,03  06  07  13  24  25  15,27734490,0,0,
2003-07-31,2003046,07  08  10  11  17  26  11,27144542,0,0,
2003-07-27,2003045,03  07  14  15  17  32  03,26657064,0,0,
2003-07-24,2003044,02  05  09  16  32  33  15,26537776,0,0,
2003-07-20,2003043,02  08  10  19  20  32  13,27416990,0,0,
2003-07-17,2003042,03  05  07  10  15  20  07,26607702,0,0,
2003-07-13,2003041,02  03  17  18  24  25  11,28265402,0,0,
2003-07-10,2003040,04  05  06  12  14  23  16,27328054,0,0,
2003-07-06,2003039,03  05  23  24  27  32  03,27694202,0,0,
2003-07-03,2003038,05  07  08  24  25  27  16,26782590,0,0,
2003-06-29,2003037,09  14  17  18  26  32  07,26257640,0,0,
2003-06-26,2003036,07  21  24  25  27  28  15,25054376,0,0,
2003-06-22,2003035,03  04  05  08  10  11  08,25179768,0,0,
2003-06-19,2003034,08  13  14  16  23  25  14,22899946,0,0,
2003-06-15,2003033,01  07  14  20  27  30  10,22266754,0,0,
2003-06-12,2003032,04  11  25  27  29  30  13,20115568,0,0,
2003-06-08,2003031,11  17  20  22  28  32  01,18101608,0,0,
2003-06-05,2003030,02  06  13  14  23  27  07,16765384,0,0,
2003-06-01,2003029,02  07  15  26  29  32  10,17515374,0,0,
2003-05-22,2003026,08  13  15  26  29  31  16,16245314,0,0,
2003-05-18,2003025,01  05  11  13  14  27  12,16536260,0,0,
2003-05-15,2003024,02  07  15  17  22  30  14,15035104,0,0,
2003-05-11,2003023,01  10  20  22  26  31  02,15374822,0,0,
2003-05-08,2003022,02  07  11  12  14  32  08,13869188,0,0,
2003-05-04,2003021,14  15  18  25  26  30  01,13537342,0,0,
2003-05-01,2003020,07  10  25  26  27  32  04,14670860,0,0,
2003-04-27,2003019,04  08  12  13  16  33  09,15159580,0,0,
2003-04-24,2003018,05  16  19  20  25  28  13,14339392,0,0,
2003-04-20,2003017,05  08  18  23  25  31  06,14451270,0,0,
2003-04-17,2003016,11  17  28  30  31  33  06,13098324,0,0,
2003-04-13,2003015,04  11  19  25  26  32  13,13460134,0,0,
2003-04-10,2003014,03  05  07  08  21  31  02,12476130,0,0,
2003-04-06,2003013,08  13  17  21  23  32  12,12611880,0,0,
2003-04-03,2003012,02  12  16  17  27  30  12,12307262,0,0,
2003-03-30,2003011,04  05  11  12  30  32  15,12782494,0,0,
2003-03-27,2003010,01  02  08  13  17  24  13,12402130,0,0,
2003-03-23,2003009,05  09  18  20  22  30  09,12386072,0,0,
